fixture_id,date,referee,home_team,away_team,home_goals,away_goals,home_corners,away_corners,total_corners,home_cards,away_cards,total_cards,
864094,2022-07-02 22:00:00+00:00,Luis Santander,Necaxa,Toluca,1,3,14,1,15,3,3,6,
864095,2022-07-02 02:05:00+00:00,Daniel Quintero,Mazatlán,Puebla,2,4,10,3,13,1,2,3,
864096,2022-07-02 22:00:00+00:00,Ismael López,Guadalajara Chivas,FC Juarez,0,0,9,3,12,3,1,4,
864097,2022-07-03 00:05:00+00:00,Oscar Mejía,Tigres UANL,Cruz Azul,2,3,4,0,4,1,0,1,
864098,2022-07-03 02:05:00+00:00,Fernando Guerrero,Club America,Atlas,0,0,4,4,8,1,1,2,
864099,2022-07-03 17:00:00+00:00,Adonai Escobedo,U.N.A.M. - Pumas,Club Tijuana,1,1,9,1,10,5,2,7,
864100,2022-07-03 22:00:00+00:00,Fernando Hernández,Atletico San Luis,León,1,2,7,2,9,0,1,1,
864101,2022-07-04 00:05:00+00:00,Jorge Pérez,Santos Laguna,Monterrey,4,3,7,6,13,2,4,6,
864102,2022-07-05 02:00:00+00:00,César Ramos,CF Pachuca,Club Queretaro,2,0,3,0,3,0,4,4,
864103,2022-07-09 00:00:00+00:00,Adonai Escobedo,Mazatlán,Tigres UANL,0,1,2,9,11,3,5,8,
864104,2022-07-09 02:05:00+00:00,César Ramos,Puebla,Santos Laguna,1,0,10,2,12,3,2,5,
864105,2022-07-09 02:05:00+00:00,Oscar Macías,Club Tijuana,FC Juarez,0,2,4,6,10,4,0,4,
864106,2022-07-10 00:05:00+00:00,Oscar Mejía,Guadalajara Chivas,Atletico San Luis,0,1,3,4,7,2,1,3,
864107,2022-07-10 02:05:00+00:00,Victor Cáceres,Cruz Azul,CF Pachuca,1,2,3,8,11,2,1,3,
864108,2022-07-10 02:05:00+00:00,Marco Ortíz,Monterrey,Club America,3,2,4,8,12,2,2,4,
864109,2022-07-10 17:00:00+00:00,Fernando Hernández,Toluca,Atlas,3,2,4,8,12,3,4,7,
864110,2022-07-10 22:00:00+00:00,Fernando Guerrero,Club Queretaro,Necaxa,1,2,3,3,6,1,1,2,
864111,2022-07-10 00:00:00+00:00,Jesus López,León,U.N.A.M. - Pumas,3,3,6,1,7,4,4,8,
864112,2022-07-14 02:00:00+00:00,Adonai Escobedo,Club America,Toluca,1,0,7,3,10,1,3,4,
864113,2022-07-16 00:00:00+00:00,Erick Miranda,Puebla,León,1,1,7,7,14,6,5,11,
864114,2022-07-16 02:05:00+00:00,Eduardo Galván,FC Juarez,Club Queretaro,1,1,9,1,10,1,2,3,
864115,2022-07-16 22:00:00+00:00,Oscar Macías,Atlas,Cruz Azul,3,2,4,0,4,1,6,7,
864116,2022-07-17 00:05:00+00:00,Marco Ortíz,Santos Laguna,Guadalajara Chivas,1,1,5,3,8,3,9,12,
864117,2022-07-17 17:00:00+00:00,Daniel Quintero,U.N.A.M. - Pumas,Necaxa,1,0,6,2,8,1,3,4,
864118,2022-07-17 22:00:00+00:00,Fernando Guerrero,Atletico San Luis,Monterrey,0,1,4,4,8,4,4,8,
864119,2022-07-18 00:00:00+00:00,Victor Cáceres,Tigres UANL,Club Tijuana,1,0,4,5,9,2,2,4,
864120,2022-07-19 00:00:00+00:00,Jorge Camacho,CF Pachuca,Mazatlán,1,1,9,2,11,2,3,5,
864121,2022-07-21 02:05:00+00:00,Jorge Pérez,Guadalajara Chivas,León,0,0,5,3,8,5,3,8,
864122,2022-07-22 02:00:00+00:00,Luis Santander,Club Queretaro,Monterrey,0,3,3,3,6,1,1,2,
864123,2022-07-23 00:00:00+00:00,Ismael López,Mazatlán,Atletico San Luis,1,1,8,12,20,2,5,7,
864124,2022-07-23 02:05:00+00:00,César Ramos,Necaxa,FC Juarez,1,0,2,8,10,8,5,13,
864125,2022-07-23 22:00:00+00:00,Diego Montaño,Toluca,Santos Laguna,2,1,9,2,11,2,3,5,
864126,2022-07-24 00:05:00+00:00,Fernando Guerrero,Cruz Azul,Puebla,2,2,7,3,10,2,2,4,
864127,2022-07-24 02:05:00+00:00,Marco Ortíz,Tigres UANL,Atlas,2,0,8,1,9,4,4,8,
864128,2022-07-24 01:00:00+00:00,Fernando Hernández,Club Tijuana,Club America,2,0,7,2,9,3,3,6,
864129,2022-07-25 00:00:00+00:00,Brian González,CF Pachuca,U.N.A.M. - Pumas,0,0,13,4,17,4,5,9,
864130,2022-07-27 00:00:00+00:00,Diego Montaño,Atlas,Club Tijuana,1,2,10,1,11,3,7,10,
864131,2022-07-27 00:00:00+00:00,Oscar Macías,Monterrey,Puebla,1,0,4,6,10,2,4,6,
864132,2022-07-27 00:00:00+00:00,Fernando Hernández,FC Juarez,Tigres UANL,0,1,4,3,7,4,8,12,
864133,2022-07-27 02:05:00+00:00,Adonai Escobedo,Atletico San Luis,Cruz Azul,0,0,8,5,13,3,5,8,
864134,2022-07-27 02:05:00+00:00,Guillermo Pacheco,León,Toluca,0,1,4,5,9,8,2,10,
864135,2022-07-28 00:00:00+00:00,César Ramos,Club Queretaro,Guadalajara Chivas,2,2,9,4,13,2,2,4,
864136,2022-07-28 00:00:00+00:00,Jorge Pérez,Necaxa,CF Pachuca,2,0,3,9,12,5,3,8,
864137,2022-07-28 02:05:00+00:00,Luis Santander,U.N.A.M. - Pumas,Mazatlán,1,1,7,3,10,2,1,3,
864139,2022-07-30 02:05:00+00:00,Fernando Guerrero,FC Juarez,Toluca,1,1,7,1,8,3,6,9,
864140,2022-07-30 22:00:00+00:00,Erick Miranda,Cruz Azul,Necaxa,1,0,3,4,7,3,4,7,
864141,2022-07-31 00:05:00+00:00,Ismael López,Tigres UANL,Club Queretaro,2,1,4,3,7,7,5,12,
864142,2022-07-31 02:05:00+00:00,Adonai Escobedo,Guadalajara Chivas,CF Pachuca,0,0,7,4,11,5,7,12,
864143,2022-07-31 02:05:00+00:00,Marco Ortíz,Puebla,Atletico San Luis,0,0,7,1,8,1,3,4,
864144,2022-07-31 02:05:00+00:00,Daniel Quintero,Club Tijuana,Mazatlán,2,0,7,2,9,3,3,6,
864145,2022-07-31 17:00:00+00:00,Diego Montaño,U.N.A.M. - Pumas,Monterrey,1,1,6,1,7,1,6,7,
864146,2022-08-01 00:05:00+00:00,César Ramos,Santos Laguna,Atlas,1,0,3,4,7,2,2,4,
864147,2022-08-01 02:05:00+00:00,Oscar Macías,León,Club America,3,2,5,4,9,4,3,7,
864229,2022-08-03 01:00:00+00:00,Victor Cáceres,Toluca,Puebla,1,1,8,6,14,4,5,9,
864230,2022-08-04 00:00:00+00:00,Oscar Macías,FC Juarez,Atletico San Luis,1,1,8,2,10,3,1,4,
864148,2022-08-05 02:00:00+00:00,Fernando Guerrero,Atlas,Club Queretaro,3,1,5,5,10,3,6,9,
864150,2022-08-06 02:05:00+00:00,Jorge Camacho,Mazatlán,Guadalajara Chivas,2,1,4,4,8,6,6,12,
864151,2022-08-07 00:05:00+00:00,Marco Ortíz,Monterrey,León,5,1,0,0,0,0,0,0,
864153,2022-08-07 02:05:00+00:00,Oscar Macías,Santos Laguna,Cruz Azul,4,0,6,6,12,0,0,0,
864154,2022-08-07 17:00:00+00:00,César Ramos,Toluca,Club Tijuana,3,1,12,4,16,1,6,7,
864155,2022-08-07 21:00:00+00:00,Eduardo Galván,Atletico San Luis,Necaxa,1,2,5,3,8,1,2,3,
864156,2022-08-07 23:05:00+00:00,Daniel Quintero,CF Pachuca,Tigres UANL,2,0,5,4,9,3,4,7,
864152,2022-08-08 01:05:00+00:00,Luis Santander,Club America,FC Juarez,2,1,3,2,5,2,1,3,
864157,2022-08-12 02:00:00+00:00,Erick Miranda,Club Queretaro,Atletico San Luis,1,1,7,4,11,3,0,3,
864158,2022-08-13 02:00:00+00:00,Guillermo Pacheco,Necaxa,Monterrey,1,2,2,6,8,2,2,4,
864159,2022-08-13 02:05:00+00:00,Luis Santander,Club Tijuana,Puebla,3,3,6,4,10,1,0,1,
864161,2022-08-13 22:00:00+00:00,Eduardo Galván,León,Mazatlán,0,3,9,1,10,1,4,5,
864162,2022-08-14 00:05:00+00:00,Adonai Escobedo,U.N.A.M. - Pumas,Club America,0,3,4,5,9,2,0,2,
864163,2022-08-14 02:05:00+00:00,Marco Ortíz,Guadalajara Chivas,Atlas,1,1,5,3,8,3,6,9,
864164,2022-08-14 22:00:00+00:00,Fernando Hernández,Cruz Azul,Toluca,2,3,7,4,11,6,2,8,
864165,2022-08-15 00:05:00+00:00,Diego Montaño,Tigres UANL,Santos Laguna,2,0,5,3,8,5,6,11,
864166,2022-08-17 00:00:00+00:00,Adonai Escobedo,Atlas,FC Juarez,0,1,8,4,12,1,6,7,
864167,2022-08-17 01:00:00+00:00,Luis Santander,Mazatlán,Club Queretaro,1,1,3,6,9,1,2,3,
864168,2022-08-17 02:05:00+00:00,Fernando Guerrero,Puebla,Necaxa,2,2,6,5,11,1,1,2,
864169,2022-08-18 00:00:00+00:00,Daniel Quintero,Toluca,Monterrey,1,1,10,2,12,2,3,5,
864170,2022-08-18 02:05:00+00:00,Diego Montaño,Cruz Azul,Club Tijuana,1,2,8,3,11,0,2,2,
864171,2022-08-18 02:05:00+00:00,César Ramos,CF Pachuca,Club America,0,3,5,5,10,5,2,7,
864172,2022-08-19 00:05:00+00:00,Victor Cáceres,Santos Laguna,León,2,1,6,3,9,1,4,5,
864173,2022-08-19 02:05:00+00:00,Oscar Macías,Atletico San Luis,U.N.A.M. - Pumas,3,2,3,9,12,3,3,6,
864175,2022-08-20 00:00:00+00:00,Oscar Mejía,Necaxa,Guadalajara Chivas,0,4,4,4,8,2,0,2,
864177,2022-08-20 22:00:00+00:00,Guillermo Pacheco,Club Queretaro,Club Tijuana,2,0,6,5,11,4,3,7,
864176,2022-08-21 02:05:00+00:00,Daniel Quintero,FC Juarez,Mazatlán,1,1,7,7,14,5,3,8,
864178,2022-08-21 00:05:00+00:00,César Ramos,Atlas,Puebla,1,1,6,2,8,3,4,7,
864179,2022-08-21 00:05:00+00:00,Fernando Guerrero,Monterrey,Tigres UANL,0,0,7,4,11,3,2,5,
864180,2022-08-21 02:05:00+00:00,Luis Santander,Club America,Cruz Azul,7,0,2,2,4,1,3,4,
864181,2022-08-21 17:00:00+00:00,Marco Ortíz,U.N.A.M. - Pumas,Santos Laguna,1,5,8,4,12,0,0,0,
864182,2022-08-21 22:00:00+00:00,Diego Montaño,Atletico San Luis,Toluca,1,0,8,5,13,3,1,4,
864183,2022-08-22 00:05:00+00:00,Ismael López,CF Pachuca,León,1,0,8,4,12,3,8,11,
864231,2022-08-24 00:05:00+00:00,Luis Santander,Guadalajara Chivas,Monterrey,1,0,5,9,14,1,2,3,
864232,2022-08-24 02:05:00+00:00,Victor Cáceres,Club Queretaro,Club America,0,1,4,9,13,0,2,2,
864234,2022-08-25 02:05:00+00:00,Oscar Mejía,U.N.A.M. - Pumas,Tigres UANL,1,1,0,10,10,4,1,5,
864235,2022-08-26 00:05:00+00:00,Fernando Guerrero,CF Pachuca,Atlas,3,1,3,3,6,0,2,2,
864236,2022-08-26 02:05:00+00:00,Adonai Escobedo,Club Tijuana,Santos Laguna,0,2,7,2,9,4,3,7,
864184,2022-08-27 00:00:00+00:00,Marco Ortíz,Puebla,FC Juarez,2,2,5,4,9,3,2,5,
864185,2022-08-27 02:05:00+00:00,Erick Miranda,Mazatlán,Club America,1,3,3,5,8,6,2,8,
864186,2022-08-27 22:00:00+00:00,Daniel Quintero,Cruz Azul,Club Queretaro,2,1,4,5,9,7,2,9,
864187,2022-08-28 00:05:00+00:00,Fernando Hernández,Tigres UANL,Necaxa,0,0,7,2,9,1,3,4,
864188,2022-08-28 02:05:00+00:00,Diego Montaño,Guadalajara Chivas,U.N.A.M. - Pumas,3,1,5,0,5,2,2,4,
864189,2022-08-28 17:00:00+00:00,Guillermo Pacheco,Toluca,CF Pachuca,1,4,3,5,8,8,4,12,
864190,2022-08-29 00:05:00+00:00,Fernando Guerrero,Santos Laguna,Atletico San Luis,4,1,5,5,10,1,2,3,
864191,2022-08-29 00:00:00+00:00,Oscar Macías,León,Atlas,4,2,5,5,10,1,1,2,
864192,2022-08-29 02:05:00+00:00,Brian González,Club Tijuana,Monterrey,0,3,7,15,22,3,1,4,
864193,2022-09-02 00:00:00+00:00,Daniel Quintero,Atletico San Luis,Club Tijuana,0,0,1,8,9,5,2,7,
864194,2022-09-02 02:05:00+00:00,Ismael López,Club Queretaro,Puebla,1,1,2,3,5,4,2,6,
864195,2022-09-03 00:00:00+00:00,Marco Ortíz,Necaxa,León,3,2,1,10,11,1,1,2,
864196,2022-09-03 02:05:00+00:00,Brian González,FC Juarez,Cruz Azul,2,2,4,2,6,4,7,11,
864197,2022-09-03 22:05:00+00:00,Fernando Hernández,CF Pachuca,Santos Laguna,2,0,9,7,16,4,5,9,
864198,2022-09-04 00:05:00+00:00,Victor Cáceres,Monterrey,Mazatlán,0,0,6,4,10,1,3,4,
864199,2022-09-04 00:05:00+00:00,Luis Santander,Atlas,U.N.A.M. - Pumas,0,0,2,6,8,1,2,3,
864200,2022-09-04 02:05:00+00:00,Diego Montaño,Club America,Tigres UANL,2,1,4,9,13,5,4,9,
864201,2022-09-04 22:00:00+00:00,César Ramos,Toluca,Guadalajara Chivas,0,0,7,5,12,2,5,7,
864202,2022-09-07 00:00:00+00:00,Jorge Camacho,León,FC Juarez,1,0,3,0,3,5,8,13,
864203,2022-09-07 00:05:00+00:00,Daniel Quintero,Santos Laguna,Necaxa,3,1,1,2,3,1,2,3,
864204,2022-09-07 02:05:00+00:00,Oscar Mejía,Monterrey,Cruz Azul,3,2,3,0,3,5,1,6,
864205,2022-09-07 02:05:00+00:00,Victor Cáceres,Club America,Atletico San Luis,3,0,8,3,11,2,4,6,
864206,2022-09-08 00:00:00+00:00,Adonai Escobedo,Puebla,CF Pachuca,2,2,3,4,7,5,4,9,
864207,2022-09-08 00:00:00+00:00,Marco Ortíz,Tigres UANL,Toluca,3,1,6,3,9,2,3,5,
864208,2022-09-08 02:05:00+00:00,César Ramos,U.N.A.M. - Pumas,Club Queretaro,4,1,4,4,8,1,1,2,
864209,2022-09-08 02:05:00+00:00,Guillermo Pacheco,Club Tijuana,Guadalajara Chivas,1,2,6,3,9,3,4,7,
864210,2022-09-08 02:00:00+00:00,Fernando Hernández,Mazatlán,Atlas,1,0,3,8,11,1,2,3,
864212,2022-09-10 02:05:00+00:00,Diego Montaño,FC Juarez,Monterrey,0,1,6,8,14,0,3,3,
864213,2022-09-10 22:00:00+00:00,Luis Santander,Club Queretaro,Santos Laguna,3,3,7,4,11,2,2,4,
864211,2022-09-11 00:00:00+00:00,Fernando Guerrero,Necaxa,Club America,1,2,3,9,12,2,0,2,
864214,2022-09-11 00:05:00+00:00,Adonai Escobedo,Tigres UANL,León,0,1,9,5,14,0,6,6,
864215,2022-09-11 02:05:00+00:00,Fernando Hernández,Toluca,U.N.A.M. - Pumas,2,2,3,7,10,3,4,7,
864216,2022-09-11 02:05:00+00:00,Daniel Quintero,Guadalajara Chivas,Puebla,1,0,2,6,8,0,4,4,
864217,2022-09-11 21:00:00+00:00,César Ramos,Cruz Azul,Mazatlán,2,0,7,1,8,0,3,3,
864218,2022-09-11 23:05:00+00:00,Oscar Mejía,Atlas,Atletico San Luis,1,3,4,4,8,2,1,3,
864219,2022-09-12 01:05:00+00:00,Oscar Macías,CF Pachuca,Club Tijuana,6,1,6,7,13,1,1,2,
864174,2022-09-14 02:05:00+00:00,Fernando Guerrero,Guadalajara Chivas,Tigres UANL,1,4,10,8,18,0,3,3,
864138,2022-09-15 02:05:00+00:00,Fernando Hernández,Club America,Santos Laguna,3,3,11,2,13,0,6,6,
864160,2022-09-15 02:05:00+00:00,Victor Cáceres,FC Juarez,CF Pachuca,2,1,4,4,8,3,2,5,
864233,2022-09-16 00:00:00+00:00,Marco Ortíz,Cruz Azul,León,2,1,18,2,20,2,2,4,
864220,2022-09-17 00:00:00+00:00,César Ramos,Puebla,Tigres UANL,2,1,5,6,11,4,9,13,
864221,2022-09-17 02:00:00+00:00,Daniel Quintero,Mazatlán,Toluca,1,1,4,4,8,3,3,6,
864223,2022-09-18 00:05:00+00:00,Marco Ortíz,Monterrey,Atlas,2,0,6,1,7,2,2,4,
864224,2022-09-18 01:00:00+00:00,Adonai Escobedo,Club America,Guadalajara Chivas,2,1,3,6,9,1,4,5,
864225,2022-09-18 22:00:00+00:00,Fernando Guerrero,U.N.A.M. - Pumas,Cruz Azul,1,2,7,5,12,1,2,3,
864222,2022-09-19 02:00:00+00:00,Luis Santander,Atletico San Luis,CF Pachuca,1,2,2,5,7,1,3,4,
864226,2022-09-19 00:05:00+00:00,Oscar Macías,Santos Laguna,FC Juarez,2,0,7,7,14,1,3,4,
864227,2022-09-19 00:05:00+00:00,Oscar Mejía,León,Club Queretaro,3,1,4,4,8,0,5,5,
864228,2022-09-19 02:05:00+00:00,Diego Montaño,Club Tijuana,Necaxa,1,1,3,5,8,2,3,5,
864149,2022-09-24 02:05:00+00:00,Adonai Escobedo,Puebla,U.N.A.M. - Pumas,2,1,4,4,8,3,3,6,
864237,2022-09-24 00:00:00+00:00,Fernando Hernández,Necaxa,Mazatlán,2,2,5,4,9,3,3,6,
864238,2022-10-01 00:00:00+00:00,Marco Ortíz,Puebla,Club America,1,2,3,4,7,1,1,2,
864239,2022-10-01 02:00:00+00:00,Daniel Quintero,FC Juarez,U.N.A.M. - Pumas,3,1,1,6,7,3,9,12,
864240,2022-10-01 22:00:00+00:00,Oscar Mejía,Atletico San Luis,Tigres UANL,0,3,1,5,6,3,5,8,
864241,2022-10-01 22:05:00+00:00,Fernando Hernández,Monterrey,CF Pachuca,0,0,3,1,4,2,3,5,
864242,2022-10-02 00:05:00+00:00,Victor Cáceres,Atlas,Necaxa,1,0,1,4,5,0,2,2,
864243,2022-10-02 02:05:00+00:00,César Ramos,Cruz Azul,Guadalajara Chivas,2,1,2,5,7,2,1,3,
864244,2022-10-02 17:00:00+00:00,Edgar Morales,Toluca,Club Queretaro,4,1,7,5,12,4,3,7,
864245,2022-10-02 23:05:00+00:00,Adonai Escobedo,Santos Laguna,Mazatlán,3,0,5,2,7,2,3,5,
864246,2022-10-03 01:00:00+00:00,Luis Santander,León,Club Tijuana,2,2,6,1,7,1,3,4,
963835,2022-10-09 00:00:00+00:00,César Ramos,Tigres UANL,Necaxa,2,0,6,3,9,4,7,11,
963836,2022-10-09 17:00:00+00:00,Marco Ortíz,Toluca,FC Juarez,3,0,1,5,6,4,3,7,
963837,2022-10-09 02:15:00+00:00,Fernando Guerrero,Cruz Azul,León,1,0,4,7,11,3,1,4,
965503,2022-10-13 02:06:00+00:00,Victor Cáceres,Cruz Azul,Monterrey,0,0,8,2,10,0,1,1,
965507,2022-10-13 00:06:00+00:00,Marco Ortíz,Puebla,Club America,1,6,1,2,3,1,2,3,
965505,2022-10-14 00:06:00+00:00,Diego Montaño,Toluca,Santos Laguna,4,3,3,4,7,5,6,11,
965509,2022-10-14 02:06:00+00:00,Fernando Hernández,Tigres UANL,CF Pachuca,1,0,6,5,11,3,3,6,
965504,2022-10-16 23:06:00+00:00,Adonai Escobedo,Monterrey,Cruz Azul,3,0,7,8,15,5,1,6,
965508,2022-10-16 01:06:00+00:00,Daniel Quintero,Club America,Puebla,5,1,3,2,5,2,1,3,
965506,2022-10-17 00:06:00+00:00,Luis Santander,Santos Laguna,Toluca,1,2,11,3,14,3,1,4,
965510,2022-10-17 02:06:00+00:00,Fernando Guerrero,CF Pachuca,Tigres UANL,2,1,2,3,5,5,6,11,
967071,2022-10-20 02:06:00+00:00,Marco Ortíz,Toluca,Club America,2,1,1,4,5,2,2,4,
967073,2022-10-21 02:06:00+00:00,César Ramos,CF Pachuca,Monterrey,5,2,6,1,7,1,5,6,
967072,2022-10-23 01:06:00+00:00,Adonai Escobedo,Club America,Toluca,1,1,7,2,9,3,5,8,
967074,2022-10-24 01:06:00+00:00,Luis Santander,Monterrey,CF Pachuca,0,1,8,2,10,2,2,4,
968247,2022-10-28 01:06:00+00:00,Marco Ortíz,Toluca,CF Pachuca,1,5,10,4,14,3,1,4,
968248,2022-10-31 01:36:00+00:00,Adonai Escobedo,CF Pachuca,Toluca,3,1,7,3,10,3,4,7,
973610,2023-01-07 01:00:00+00:00,Fernando Hernández,Necaxa,Atletico San Luis,2,3,6,7,13,2,1,3,
973612,2023-01-07 23:00:00+00:00,Victor Cáceres,Club America,Club Queretaro,0,0,15,3,18,0,3,3,
973614,2023-01-08 03:10:00+00:00,Adonai Escobedo,Monterrey,Guadalajara Chivas,0,1,9,1,10,2,5,7,
973615,2023-01-08 18:00:00+00:00,Oscar Macías,U.N.A.M. - Pumas,FC Juarez,2,1,5,2,7,0,5,5,
973616,2023-01-09 01:00:00+00:00,Oscar Mejía,Santos Laguna,Tigres UANL,0,3,10,6,16,3,2,5,
973618,2023-01-09 03:10:00+00:00,Daniel Quintero,Club Tijuana,Cruz Azul,1,1,6,6,12,3,3,6,
973617,2023-01-10 03:10:00+00:00,Diego Montaño,CF Pachuca,Puebla,5,1,12,0,12,0,1,1,
973619,2023-01-13 03:00:00+00:00,Ismael López,Atlas,Mazatlán,2,1,8,0,8,3,2,5,
973620,2023-01-14 01:05:00+00:00,Daniel Quintero,Atletico San Luis,Guadalajara Chivas,0,0,2,9,11,5,1,6,
973621,2023-01-14 03:05:00+00:00,Jorge Camacho,Puebla,Club Queretaro,2,0,4,1,5,1,4,5,
973622,2023-01-14 23:00:00+00:00,César Ramos,Cruz Azul,Monterrey,2,3,6,9,15,6,2,8,
973623,2023-01-15 01:05:00+00:00,Fernando Guerrero,Toluca,Club America,2,2,8,3,11,2,2,4,
973624,2023-01-15 03:10:00+00:00,Luis Santander,Santos Laguna,U.N.A.M. - Pumas,3,0,7,10,17,1,1,2,
973625,2023-01-15 01:05:00+00:00,Victor Cáceres,FC Juarez,Club Tijuana,3,0,4,3,7,4,2,6,
973626,2023-01-16 01:05:00+00:00,Marco Ortíz,Tigres UANL,CF Pachuca,4,1,5,3,8,2,2,4,
973627,2023-01-17 03:05:00+00:00,Brian González,León,Necaxa,2,1,4,1,5,1,1,2,
974323,2023-01-21 03:00:00+00:00,César Ramos,Mazatlán,Santos Laguna,1,2,7,9,16,2,2,4,
974324,2023-01-21 03:10:00+00:00,Adonai Escobedo,Club Tijuana,Tigres UANL,1,1,4,4,8,3,3,6,
974325,2023-01-22 23:06:00+00:00,Fernando Guerrero,Monterrey,Atletico San Luis,3,1,3,3,6,1,1,2,
974326,2023-01-22 01:10:00+00:00,Oscar Mejía,Club America,Puebla,2,2,15,2,17,1,6,7,
974327,2023-01-22 03:10:00+00:00,Marco Ortíz,Guadalajara Chivas,Toluca,1,2,6,4,10,0,1,1,
974328,2023-01-22 03:10:00+00:00,Jorge Camacho,Necaxa,Cruz Azul,1,0,2,8,10,6,3,9,
974329,2023-01-22 18:00:00+00:00,Edgar Morales,U.N.A.M. - Pumas,León,4,1,2,6,8,3,1,4,
974330,2023-01-22 23:00:00+00:00,Oscar Macías,Club Queretaro,Atlas,3,3,5,3,8,1,1,2,
974331,2023-01-23 01:10:00+00:00,Ismael López,CF Pachuca,FC Juarez,4,1,5,6,11,1,2,3,
974332,2023-01-27 03:05:00+00:00,Marco Ortíz,Atlas,Santos Laguna,2,2,9,1,10,3,1,4,
974333,2023-01-28 01:05:00+00:00,Jesus López,Puebla,Monterrey,1,2,6,6,12,2,2,4,
974334,2023-01-28 03:05:00+00:00,Ismael López,Club Tijuana,U.N.A.M. - Pumas,0,0,12,3,15,2,5,7,
974336,2023-01-29 01:05:00+00:00,Diego Montaño,Tigres UANL,Atletico San Luis,0,0,10,0,10,1,2,3,
974337,2023-01-29 03:05:00+00:00,Luis Santander,Club America,Mazatlán,6,0,5,4,9,2,4,6,
974338,2023-01-29 03:05:00+00:00,César Ramos,FC Juarez,Guadalajara Chivas,1,2,9,2,11,0,0,0,
974339,2023-01-29 18:00:00+00:00,Adonai Escobedo,Toluca,León,0,0,12,1,13,1,7,8,
974340,2023-01-30 01:00:00+00:00,Victor Cáceres,CF Pachuca,Necaxa,2,1,9,4,13,2,3,5,
973613,2023-02-02 02:05:00+00:00,Luis Santander,Atlas,Toluca,0,0,5,7,12,1,2,3,
974341,2023-02-03 03:00:00+00:00,Adonai Escobedo,Atletico San Luis,Puebla,2,0,4,7,11,3,3,6,
974342,2023-02-04 01:00:00+00:00,César Ramos,Necaxa,Club Tijuana,1,1,8,2,10,3,7,10,
974343,2023-02-04 03:05:00+00:00,Marco Ortíz,Mazatlán,FC Juarez,2,3,6,3,9,1,3,4,
974344,2023-02-04 23:00:00+00:00,Guillermo Pacheco,León,CF Pachuca,0,1,10,4,14,3,5,8,
974345,2023-02-05 01:05:00+00:00,Luis Santander,Cruz Azul,Tigres UANL,0,1,5,4,9,1,1,2,
974346,2023-02-05 03:05:00+00:00,Diego Montaño,Santos Laguna,Club America,2,2,5,7,12,3,2,5,
974347,2023-02-05 18:00:00+00:00,Daniel Quintero,U.N.A.M. - Pumas,Atlas,2,2,4,5,9,6,4,10,
974348,2023-02-05 23:00:00+00:00,Edgar Morales,Guadalajara Chivas,Club Queretaro,1,1,7,3,10,1,2,3,
974349,2023-02-06 01:10:00+00:00,Victor Cáceres,Monterrey,Toluca,2,1,3,9,12,3,1,4,
974350,2023-02-10 01:05:00+00:00,Jesus López,Club Queretaro,León,0,3,5,8,13,3,3,6,
974351,2023-02-10 03:05:00+00:00,Oscar Mejía,Atlas,Monterrey,0,2,5,4,9,1,3,4,
974352,2023-02-11 01:00:00+00:00,Edgar Morales,Puebla,Mazatlán,3,1,3,7,10,0,1,1,
974353,2023-02-11 03:10:00+00:00,Luis Santander,Club Tijuana,Atletico San Luis,1,0,7,4,11,2,4,6,
974354,2023-02-11 23:00:00+00:00,Ismael López,Club America,Necaxa,2,1,4,5,9,4,5,9,
974355,2023-02-12 01:05:00+00:00,Guillermo Pacheco,FC Juarez,Santos Laguna,3,1,9,6,15,0,3,3,
974356,2023-02-12 01:05:00+00:00,Fernando Hernández,Tigres UANL,U.N.A.M. - Pumas,4,2,8,7,15,3,3,6,
974357,2023-02-12 03:05:00+00:00,Adonai Escobedo,CF Pachuca,Guadalajara Chivas,1,1,3,5,8,2,0,2,
974358,2023-02-12 18:00:00+00:00,Marco Ortíz,Toluca,Cruz Azul,3,1,5,8,13,2,4,6,
974359,2023-02-15 01:05:00+00:00,Oscar Macías,León,Puebla,2,0,10,3,13,0,5,5,
974360,2023-02-15 01:05:00+00:00,César Ramos,Tigres UANL,FC Juarez,0,0,3,7,10,2,3,5,
974361,2023-02-15 03:05:00+00:00,Fernando Hernández,Atletico San Luis,Club America,1,3,4,6,10,1,2,3,
974362,2023-02-16 01:05:00+00:00,Brian González,Monterrey,Club Queretaro,2,0,0,1,1,2,2,4,
974363,2023-02-16 01:05:00+00:00,Diego Montaño,Guadalajara Chivas,Club Tijuana,2,1,10,3,13,0,2,2,
974364,2023-02-16 03:05:00+00:00,Fernando Guerrero,Necaxa,U.N.A.M. - Pumas,3,1,2,13,15,4,4,8,
974365,2023-02-17 03:00:00+00:00,Erick Miranda,Mazatlán,CF Pachuca,2,3,4,3,7,2,2,4,
974368,2023-02-18 23:00:00+00:00,Oscar Mejía,Atletico San Luis,Santos Laguna,1,1,3,12,15,2,3,5,
974369,2023-02-18 01:06:00+00:00,Ismael López,FC Juarez,León,0,0,1,3,4,6,6,12,
974370,2023-02-18 03:05:00+00:00,Eduardo Galván,Puebla,Cruz Azul,1,3,2,4,6,3,2,5,
974371,2023-02-19 23:06:00+00:00,Guillermo Pacheco,Monterrey,Necaxa,2,1,4,4,8,4,1,5,
974372,2023-02-19 01:05:00+00:00,Adonai Escobedo,Atlas,Tigres UANL,0,1,2,5,7,5,7,12,
974373,2023-02-19 03:05:00+00:00,Marco Ortíz,U.N.A.M. - Pumas,Guadalajara Chivas,1,2,5,7,12,5,4,9,
974374,2023-02-19 23:00:00+00:00,Fernando Hernández,Club Queretaro,Mazatlán,1,1,7,0,7,4,1,5,
974375,2023-02-20 01:05:00+00:00,Fernando Guerrero,Club America,Club Tijuana,2,1,7,3,10,3,3,6,
974376,2023-02-20 03:05:00+00:00,Luis Santander,CF Pachuca,Toluca,1,2,7,5,12,0,2,2,
974366,2023-02-23 02:05:00+00:00,César Ramos,Cruz Azul,Atlas,1,0,5,5,10,2,3,5,
974367,2023-02-24 02:05:00+00:00,Fernando Guerrero,Santos Laguna,Toluca,0,5,8,1,9,1,0,1,
974377,2023-02-25 01:05:00+00:00,Marco Ortíz,Necaxa,Club Queretaro,1,1,4,3,7,2,1,3,
974378,2023-02-25 03:10:00+00:00,Eduardo Galván,Mazatlán,U.N.A.M. - Pumas,1,2,6,8,14,3,1,4,
974379,2023-02-25 23:00:00+00:00,Oscar Macías,Cruz Azul,FC Juarez,1,0,2,7,9,2,2,4,
974380,2023-02-26 01:05:00+00:00,Daniel Quintero,Tigres UANL,Guadalajara Chivas,1,2,9,3,12,1,5,6,
974381,2023-02-26 03:05:00+00:00,Luis Santander,Atlas,Club America,2,2,1,7,8,3,0,3,
974382,2023-02-26 18:00:00+00:00,Jorge Camacho,Toluca,Atletico San Luis,2,0,4,4,8,2,1,3,
974383,2023-02-27 01:05:00+00:00,Brian González,Santos Laguna,Puebla,3,2,5,2,7,1,4,5,
974384,2023-02-27 03:05:00+00:00,Fernando Hernández,Club Tijuana,CF Pachuca,2,0,6,5,11,3,2,5,
974385,2023-02-28 03:10:00+00:00,César Ramos,León,Monterrey,1,1,5,2,7,4,2,6,
974386,2023-03-04 01:05:00+00:00,Fernando Hernández,Necaxa,Tigres UANL,0,1,3,1,4,4,3,7,
974387,2023-03-04 01:05:00+00:00,Jesus López,Mazatlán,Cruz Azul,3,1,8,1,9,3,2,5,
974388,2023-03-04 03:15:00+00:00,Daniel Quintero,Club Tijuana,Atlas,1,1,5,4,9,3,3,6,
974389,2023-03-04 23:00:00+00:00,Fernando Guerrero,León,Atletico San Luis,2,0,10,2,12,1,2,3,
974390,2023-03-05 01:10:00+00:00,Luis Santander,Monterrey,FC Juarez,3,0,9,4,13,1,1,2,
974391,2023-03-05 01:05:00+00:00,Adonai Escobedo,Club America,CF Pachuca,0,3,9,4,13,1,0,1,
974392,2023-03-05 03:05:00+00:00,Victor Cáceres,Guadalajara Chivas,Santos Laguna,2,0,8,7,15,2,1,3,
974393,2023-03-05 18:00:00+00:00,César Ramos,U.N.A.M. - Pumas,Puebla,2,4,5,7,12,3,2,5,
974394,2023-03-06 01:05:00+00:00,Oscar Macías,Club Queretaro,Toluca,1,0,3,8,11,3,1,4,
974395,2023-03-11 01:05:00+00:00,César Ramos,Atletico San Luis,Club Queretaro,2,0,9,3,12,5,3,8,
974396,2023-03-11 03:05:00+00:00,Oscar Mejía,Puebla,Guadalajara Chivas,1,0,2,7,9,4,1,5,
974397,2023-03-11 23:00:00+00:00,Marco Ortíz,Atlas,León,0,1,7,3,10,2,2,4,
974398,2023-03-12 01:05:00+00:00,Daniel Quintero,Cruz Azul,U.N.A.M. - Pumas,1,0,6,1,7,2,4,6,
974399,2023-03-12 03:10:00+00:00,Victor Cáceres,Tigres UANL,Club America,0,2,3,3,6,2,3,5,
974400,2023-03-12 18:00:00+00:00,Luis Santander,Toluca,Mazatlán,4,1,6,0,6,1,3,4,
974401,2023-03-13 01:05:00+00:00,Fernando Guerrero,CF Pachuca,Monterrey,1,2,4,1,5,0,0,0,
974402,2023-03-13 01:05:00+00:00,Ismael López,Santos Laguna,Club Tijuana,3,2,14,5,19,1,1,2,
974403,2023-03-13 03:15:00+00:00,Erick Miranda,FC Juarez,Necaxa,1,1,5,2,7,4,3,7,
974404,2023-03-18 01:00:00+00:00,Oscar Macías,Puebla,Atlas,0,4,3,2,5,3,0,3,
974405,2023-03-18 03:05:00+00:00,Daniel Quintero,Mazatlán,Necaxa,0,1,3,4,7,1,2,3,
974406,2023-03-18 03:05:00+00:00,Edgar Morales,Club Tijuana,Toluca,3,3,4,5,9,6,2,8,
974407,2023-03-18 23:00:00+00:00,Guillermo Pacheco,Cruz Azul,Atletico San Luis,1,0,9,3,12,2,4,6,
974408,2023-03-19 01:05:00+00:00,César Ramos,Tigres UANL,Monterrey,0,1,5,4,9,3,3,6,
974409,2023-03-19 03:10:00+00:00,Marco Ortíz,Guadalajara Chivas,Club America,2,4,9,3,12,4,3,7,
974410,2023-03-19 18:00:00+00:00,Victor Cáceres,U.N.A.M. - Pumas,CF Pachuca,0,2,0,7,7,4,1,5,
974411,2023-03-20 01:05:00+00:00,Fernando Guerrero,Club Queretaro,FC Juarez,2,2,8,5,13,1,3,4,
974412,2023-03-20 03:05:00+00:00,Adonai Escobedo,León,Santos Laguna,4,1,5,3,8,2,4,6,
973611,2023-03-25 03:05:00+00:00,Marco Ortíz,Mazatlán,León,1,2,2,2,4,1,1,2,
974335,2023-03-30 03:05:00+00:00,Oscar Mejía,Club Queretaro,Cruz Azul,2,2,7,1,8,2,1,3,
974413,2023-04-01 01:05:00+00:00,Edgar Morales,Necaxa,Santos Laguna,0,0,5,5,10,2,2,4,
974414,2023-04-01 03:00:00+00:00,Diego Montaño,FC Juarez,Puebla,0,2,9,1,10,4,4,8,
974415,2023-04-01 23:00:00+00:00,Luis Santander,CF Pachuca,Cruz Azul,0,2,10,3,13,1,5,6,
974416,2023-04-02 01:05:00+00:00,Fernando Hernández,Club America,León,2,2,3,5,8,1,3,4,
974417,2023-04-02 01:15:00+00:00,Oscar Macías,Monterrey,Club Tijuana,4,0,2,6,8,2,3,5,
974418,2023-04-02 03:10:00+00:00,César Ramos,Atlas,Guadalajara Chivas,3,3,8,2,10,6,5,11,
974419,2023-04-02 18:00:00+00:00,Marco Ortíz,Toluca,Tigres UANL,3,2,2,3,5,1,7,8,
974420,2023-04-02 23:00:00+00:00,Erick Miranda,Atletico San Luis,Mazatlán,2,1,5,6,11,5,3,8,
974421,2023-04-03 01:05:00+00:00,Adonai Escobedo,Club Queretaro,U.N.A.M. - Pumas,1,0,4,4,8,5,2,7,
974422,2023-04-08 01:05:00+00:00,Ismael López,Puebla,Toluca,1,2,3,4,7,3,4,7,
974423,2023-04-08 03:10:00+00:00,Luis Santander,Club Tijuana,Club Queretaro,1,2,9,8,17,0,2,2,
974425,2023-04-08 23:00:00+00:00,Brian González,Guadalajara Chivas,Necaxa,1,0,6,6,12,0,0,0,
974424,2023-04-09 01:05:00+00:00,Diego Montaño,León,Cruz Azul,0,0,9,5,14,2,1,3,
974426,2023-04-09 01:05:00+00:00,Fernando Guerrero,Tigres UANL,Mazatlán,1,2,9,1,10,0,2,2,
974427,2023-04-09 03:10:00+00:00,Victor Cáceres,Club America,Monterrey,2,1,6,4,10,3,4,7,
974428,2023-04-09 18:00:00+00:00,Oscar Mejía,U.N.A.M. - Pumas,Atletico San Luis,3,1,1,5,6,1,2,3,
974429,2023-04-10 00:05:00+00:00,Oscar Macías,Santos Laguna,CF Pachuca,1,4,3,4,7,6,3,9,
974430,2023-04-10 02:10:00+00:00,Adonai Escobedo,FC Juarez,Atlas,1,1,3,7,10,7,8,15,
974431,2023-04-14 03:05:00+00:00,Luis Santander,Atletico San Luis,FC Juarez,2,0,6,4,10,3,1,4,
974432,2023-04-15 01:05:00+00:00,Adonai Escobedo,Necaxa,Puebla,1,1,7,1,8,2,2,4,
974433,2023-04-15 03:05:00+00:00,César Ramos,Mazatlán,Club Tijuana,1,2,5,5,10,3,4,7,
974434,2023-04-15 23:00:00+00:00,Edgar Morales,Atlas,CF Pachuca,4,1,0,9,9,0,2,2,
974435,2023-04-16 01:05:00+00:00,Victor Cáceres,León,Guadalajara Chivas,0,2,2,5,7,2,4,6,
974436,2023-04-16 03:10:00+00:00,Fernando Guerrero,Cruz Azul,Club America,1,3,1,4,5,5,2,7,
974437,2023-04-16 18:00:00+00:00,Diego Montaño,U.N.A.M. - Pumas,Toluca,3,1,4,7,11,3,7,10,
974438,2023-04-16 23:00:00+00:00,Oscar Macías,Club Queretaro,Tigres UANL,0,0,8,3,11,2,3,5,
974439,2023-04-17 01:10:00+00:00,Marco Ortíz,Monterrey,Santos Laguna,1,2,9,2,11,7,5,12,
974440,2023-04-21 02:05:00+00:00,Erick Miranda,Tigres UANL,Puebla,1,0,7,3,10,2,4,6,
974441,2023-04-22 01:05:00+00:00,Victor Cáceres,Necaxa,Atlas,1,3,4,4,8,3,0,3,
974442,2023-04-22 01:05:00+00:00,Luis Santander,Mazatlán,Monterrey,0,2,5,2,7,5,0,5,
974443,2023-04-22 03:05:00+00:00,Edgar Morales,Club Tijuana,León,0,0,8,5,13,2,4,6,
974444,2023-04-22 23:00:00+00:00,Daniel Quintero,CF Pachuca,Atletico San Luis,2,1,10,3,13,4,3,7,
974445,2023-04-23 01:05:00+00:00,Adonai Escobedo,Guadalajara Chivas,Cruz Azul,2,1,1,7,8,4,4,8,
974446,2023-04-23 03:10:00+00:00,César Ramos,Club America,U.N.A.M. - Pumas,1,1,9,4,13,2,4,6,
974447,2023-04-23 18:00:00+00:00,Fernando Guerrero,Toluca,FC Juarez,1,1,4,4,8,8,2,10,
974448,2023-04-24 01:05:00+00:00,Jorge Camacho,Santos Laguna,Club Queretaro,0,2,6,7,13,1,2,3,
974449,2023-04-29 23:00:00+00:00,Diego Montaño,Puebla,Club Tijuana,5,2,8,6,14,1,2,3,
974450,2023-04-29 03:05:00+00:00,Daniel Quintero,FC Juarez,Club America,0,1,9,3,12,3,2,5,
974451,2023-04-30 01:00:00+00:00,Marco Ortíz,Atletico San Luis,Atlas,0,0,9,3,12,2,4,6,
974452,2023-04-30 01:05:00+00:00,Oscar Macías,Monterrey,U.N.A.M. - Pumas,4,1,5,6,11,3,3,6,
974453,2023-04-30 01:05:00+00:00,Oscar Mejía,Guadalajara Chivas,Mazatlán,4,1,9,8,17,2,5,7,
974454,2023-04-30 03:05:00+00:00,Luis Santander,Cruz Azul,Santos Laguna,3,2,3,6,9,0,0,0,
974455,2023-04-30 18:00:00+00:00,César Ramos,Toluca,Necaxa,3,0,2,3,5,2,3,5,
974456,2023-04-30 23:00:00+00:00,Victor Cáceres,Club Queretaro,CF Pachuca,0,1,6,3,9,0,0,0,
974457,2023-05-01 01:05:00+00:00,Fernando Guerrero,León,Tigres UANL,3,0,4,6,10,2,2,4,
1024695,2023-05-06 23:00:00+00:00,César Ramos,Cruz Azul,Atlas,0,1,5,4,9,2,3,5,
1024693,2023-05-08 01:06:00+00:00,Victor Cáceres,León,Atlético San Luis,1,3,12,4,16,1,2,3,
1024694,2023-05-08 03:10:00+00:00,Marco Ortíz,Tigres UANL,Puebla,1,0,3,6,9,3,4,7,
1025954,2023-05-11 01:00:00+00:00,Luis Santander,Santos Laguna,Monterrey,0,0,6,5,11,1,4,5,
1026493,2023-05-11 03:10:00+00:00,Fernando Guerrero,Atletico San Luis,Club America,1,3,2,5,7,2,4,6,
1026495,2023-05-12 01:00:00+00:00,Marco Ortíz,Atlas,Guadalajara Chivas,1,0,4,9,13,2,2,4,
1026497,2023-05-12 03:10:00+00:00,Adonai Escobedo,Tigres UANL,Toluca,4,1,1,5,6,1,1,2,
1025953,2023-05-14 01:06:00+00:00,Oscar Macías,Monterrey,Santos Laguna,2,0,1,6,7,1,1,2,
1026492,2023-05-14 03:16:00+00:00,Daniel Quintero,Club America,Atletico San Luis,1,2,11,4,15,4,2,6,
1026496,2023-05-14 18:00:00+00:00,César Ramos,Toluca,Tigres UANL,3,1,2,3,5,3,6,9,
1026494,2023-05-15 01:05:00+00:00,Victor Cáceres,Guadalajara Chivas,Atlas,1,0,3,4,7,2,2,4,
1027143,2023-05-18 03:00:00+00:00,Fernando Guerrero,Tigres UANL,Monterrey,1,1,4,5,9,3,4,7,
1027145,2023-05-19 02:10:00+00:00,César Ramos,Guadalajara Chivas,Club America,0,1,8,7,15,3,1,4,
1027144,2023-05-21 01:06:00+00:00,Luis Santander,Monterrey,Tigres UANL,0,1,4,4,8,1,2,3,
1027146,2023-05-22 02:00:00+00:00,Victor Cáceres,Club America,Guadalajara Chivas,1,3,4,2,6,6,4,10,
1028348,2023-05-26 02:00:00+00:00,Fernando Guerrero,Tigres UANL,Guadalajara Chivas,0,0,2,2,4,3,4,7,
1031275,2023-07-01 01:00:00+00:00,Ismael López,Club America,FC Juarez,1,2,10,2,12,2,2,4,
1031276,2023-07-01 03:10:00+00:00,Daniel Quintero,Club Tijuana,U.N.A.M. - Pumas,2,3,5,6,11,1,3,4,
1031277,2023-07-01 01:00:00+00:00,Jesus López,Mazatlán,CF Pachuca,1,1,2,9,11,3,2,5,
1031278,2023-07-01 23:00:00+00:00,Jorge Camacho,Atletico San Luis,Monterrey,1,1,5,2,7,2,2,4,
1031279,2023-07-02 01:00:00+00:00,Oscar Macías,Tigres UANL,Puebla,1,1,6,3,9,1,4,5,
1031280,2023-07-02 03:10:00+00:00,Victor Cáceres,Atlas,Cruz Azul,2,0,8,4,12,4,2,6,
1031281,2023-07-02 18:00:00+00:00,Ismael López,Toluca,Necaxa,0,0,5,4,9,2,4,6,
1031282,2023-07-03 01:05:00+00:00,Abraham Quirarte,Santos Laguna,Club Queretaro,0,2,10,8,18,4,4,8,
1031283,2023-07-04 02:00:00+00:00,Oscar Mejía,León,Guadalajara Chivas,1,2,16,7,23,1,3,4,
1031284,2023-07-08 01:00:00+00:00,Brian González,Puebla,Santos Laguna,2,3,8,5,13,5,2,7,
1031288,2023-07-08 23:50:00+00:00,Ismael López,Cruz Azul,Toluca,0,2,3,4,7,6,4,10,
1031290,2023-07-08 03:00:00+00:00,Oscar Mejía,Necaxa,Club Tijuana,1,1,6,11,17,5,3,8,
1031285,2023-07-09 00:06:00+00:00,Jesus López,FC Juarez,Tigres UANL,1,1,4,11,15,0,1,1,
1031286,2023-07-09 00:05:00+00:00,Victor Cáceres,Guadalajara Chivas,Atletico San Luis,3,1,4,4,8,2,2,4,
1031289,2023-07-09 18:00:00+00:00,Oscar Macías,U.N.A.M. - Pumas,Mazatlán,0,0,11,3,14,2,6,8,
1031287,2023-07-10 01:00:00+00:00,Edgar Morales,Monterrey,Atlas,1,0,0,6,6,3,3,6,
1031292,2023-07-11 02:00:00+00:00,Jorge Camacho,León,CF Pachuca,4,0,11,4,15,3,1,4,
1031293,2023-07-14 01:05:00+00:00,Diego Montaño,Santos Laguna,Atlas,0,0,2,4,6,3,2,5,
1031294,2023-07-14 03:00:00+00:00,Jesus López,Guadalajara Chivas,Necaxa,2,0,5,4,9,1,3,4,
1031295,2023-07-15 01:00:00+00:00,Brian González,Mazatlán,Monterrey,0,3,2,8,10,3,3,6,
1031296,2023-07-15 03:10:00+00:00,Edgar Morales,Club Tijuana,Cruz Azul,2,1,7,1,8,2,2,4,
1031297,2023-07-15 23:00:00+00:00,Daniel Quintero,Atletico San Luis,Club Queretaro,4,1,3,9,12,1,6,7,
1031298,2023-07-16 01:00:00+00:00,Victor Cáceres,Club America,Puebla,3,0,4,5,9,1,1,2,
1031299,2023-07-16 03:05:00+00:00,Ismael López,Tigres UANL,León,1,0,3,5,8,3,5,8,
1031300,2023-07-16 18:00:00+00:00,Mario Terrazas,Toluca,FC Juarez,2,4,5,5,10,4,3,7,
1031301,2023-07-17 02:15:00+00:00,Oscar Mejía,CF Pachuca,U.N.A.M. - Pumas,1,1,15,2,17,3,7,10,
1031302,2023-08-19 03:06:00+00:00,Ismael López,Puebla,Atletico San Luis,1,2,4,5,9,1,1,2,
1031303,2023-08-19 03:10:00+00:00,Fernando Hernández,FC Juarez,Guadalajara Chivas,1,1,3,3,6,2,1,3,
1031305,2023-08-19 01:06:00+00:00,Maximiliano Quintero,León,Mazatlán,2,1,4,5,9,2,5,7,
1031308,2023-08-19 03:00:00+00:00,Luis Santander,U.N.A.M. - Pumas,Toluca,1,1,8,3,11,5,6,11,
1031309,2023-08-20 23:00:00+00:00,Marco Ortíz,Cruz Azul,Santos Laguna,2,2,3,3,6,2,2,4,
1031304,2023-08-21 03:10:00+00:00,Guillermo Pacheco,Necaxa,Tigres UANL,0,3,7,5,12,3,2,5,
1031307,2023-08-21 01:10:00+00:00,Adonai Escobedo,Club America,Atlas,1,1,5,3,8,1,4,5,
1031310,2023-08-21 01:06:00+00:00,Vicente Arce,Club Queretaro,CF Pachuca,1,1,2,1,3,3,2,5,
1031312,2023-08-23 03:06:00+00:00,Ismael López,FC Juarez,U.N.A.M. - Pumas,4,1,4,5,9,4,2,6,
1031316,2023-08-23 01:00:00+00:00,Adonai Escobedo,Guadalajara Chivas,Club Tijuana,1,0,11,2,13,3,4,7,
1031317,2023-08-23 01:00:00+00:00,Luis Santander,Mazatlán,Puebla,1,0,3,6,9,4,0,4,
1031311,2023-08-24 01:00:00+00:00,Marco Ortíz,Club America,Necaxa,3,2,13,2,15,2,2,4,
1031314,2023-08-24 01:06:00+00:00,Jesus López,CF Pachuca,Cruz Azul,1,0,4,7,11,3,4,7,
1031424,2023-08-24 03:00:00+00:00,Edgar Morales,Atletico San Luis,León,3,0,3,2,5,3,3,6,
1031319,2023-08-26 03:10:00+00:00,Fernando Guerrero,Club Tijuana,Mazatlán,1,1,6,0,6,2,2,4,
1031320,2023-08-26 23:00:00+00:00,Guillermo Pacheco,Atlas,Toluca,0,0,7,4,11,3,1,4,
1031425,2023-08-26 01:00:00+00:00,Diego Montaño,Puebla,FC Juarez,1,0,4,8,12,4,4,8,
1031321,2023-08-27 01:00:00+00:00,Oscar Macías,Club America,León,1,1,3,1,4,5,4,9,
1031322,2023-08-27 03:05:00+00:00,Oscar Mejía,Santos Laguna,Guadalajara Chivas,2,1,6,4,10,5,5,10,
1031323,2023-08-28 22:00:00+00:00,Daniel Quintero,Necaxa,Club Queretaro,0,1,3,6,9,4,4,8,
1031324,2023-08-28 00:05:00+00:00,Fernando Hernández,U.N.A.M. - Pumas,Tigres UANL,2,1,2,2,4,5,3,8,
1031325,2023-08-28 02:05:00+00:00,César Ramos,Monterrey,Cruz Azul,1,2,9,4,13,2,5,7,
1031326,2023-08-29 03:10:00+00:00,Jorge Camacho,CF Pachuca,Atletico San Luis,0,2,6,3,9,3,2,5,
1031313,2023-08-31 01:06:00+00:00,Fernando Hernández,Club Queretaro,Atlas,1,2,7,3,10,6,2,8,
1031315,2023-08-31 01:00:00+00:00,Diego Montaño,Toluca,Monterrey,1,0,4,4,8,1,2,3,
1031318,2023-08-31 03:00:00+00:00,Daniel Quintero,Tigres UANL,Santos Laguna,3,2,5,2,7,1,2,3,
1031328,2023-09-02 01:06:00+00:00,Adonai Escobedo,FC Juarez,Mazatlán,3,1,5,3,8,2,5,7,
1031329,2023-09-02 03:10:00+00:00,César Ramos,Puebla,Club Tijuana,3,0,1,6,7,1,1,2,
1031331,2023-09-02 23:00:00+00:00,Victor Cáceres,León,Necaxa,1,1,9,0,9,0,0,0,
1031330,2023-09-03 23:05:00+00:00,Oscar Macías,Guadalajara Chivas,Monterrey,1,2,5,8,13,2,2,4,
1031332,2023-09-03 01:00:00+00:00,Fernando Guerrero,Santos Laguna,U.N.A.M. - Pumas,2,1,5,7,12,5,3,8,
1031333,2023-09-03 01:05:00+00:00,Ismael López,Tigres UANL,Club Queretaro,5,0,4,5,9,0,1,1,
1031334,2023-09-03 03:10:00+00:00,Daniel Quintero,Cruz Azul,Club America,2,3,8,2,10,6,6,12,
1031335,2023-09-03 18:00:00+00:00,Marco Ortíz,Toluca,CF Pachuca,5,0,6,5,11,1,2,3,
1031327,2023-09-04 02:00:00+00:00,Luis Santander,Atletico San Luis,Atlas,2,0,2,6,8,2,2,4,
1031338,2023-09-16 01:00:00+00:00,Marco Ortíz,Mazatlán,Cruz Azul,2,2,4,3,7,2,5,7,
1031339,2023-09-16 03:10:00+00:00,Erick Miranda,Club Tijuana,Toluca,2,1,7,5,12,2,5,7,
1031340,2023-09-16 23:00:00+00:00,Brian González,Necaxa,FC Juarez,1,1,3,4,7,5,3,8,
1031336,2023-09-17 01:00:00+00:00,Luis Santander,Monterrey,León,3,1,7,4,11,4,2,6,
1031337,2023-09-17 03:10:00+00:00,Fernando Guerrero,Club America,Guadalajara Chivas,4,0,4,6,10,2,2,4,
1031341,2023-09-17 18:00:00+00:00,César Ramos,U.N.A.M. - Pumas,Atletico San Luis,3,2,11,3,14,3,6,9,
1031342,2023-09-17 23:00:00+00:00,Victor Cáceres,Club Queretaro,Puebla,1,1,8,3,11,3,3,6,
1031343,2023-09-18 01:00:00+00:00,Adonai Escobedo,Atlas,Tigres UANL,2,0,3,5,8,4,4,8,
1031344,2023-09-19 03:00:00+00:00,Fernando Hernández,CF Pachuca,Santos Laguna,3,2,5,5,10,2,5,7,
1031291,2023-09-21 02:06:00+00:00,Diego Montaño,Club Queretaro,Club America,1,2,7,3,10,1,2,3,
1031345,2023-09-23 01:00:00+00:00,Fernando Hernández,Atletico San Luis,Mazatlán,3,2,7,6,13,2,5,7,
1031346,2023-09-23 01:00:00+00:00,Victor Cáceres,FC Juarez,Atlas,1,2,9,1,10,1,3,4,
1031347,2023-09-23 03:10:00+00:00,Guillermo Pacheco,Puebla,U.N.A.M. - Pumas,0,2,7,2,9,4,4,8,
1031348,2023-09-24 01:00:00+00:00,Fernando Guerrero,León,Club Tijuana,1,0,3,6,9,0,2,2,
1031349,2023-09-24 01:00:00+00:00,César Ramos,Guadalajara Chivas,CF Pachuca,0,0,10,1,11,1,3,4,
1031350,2023-09-24 03:05:00+00:00,Marco Ortíz,Tigres UANL,Monterrey,3,0,5,4,9,4,4,8,
1031426,2023-09-24 18:00:00+00:00,Adonai Escobedo,Toluca,Club America,1,1,4,3,7,3,0,3,
1031351,2023-09-25 22:00:00+00:00,Abraham Quirarte,Cruz Azul,Club Queretaro,1,3,4,8,12,1,3,4,
1031352,2023-09-25 02:05:00+00:00,Oscar Mejía,Santos Laguna,Necaxa,2,5,14,4,18,1,0,1,
1031367,2023-09-27 01:05:00+00:00,Edgar Morales,Guadalajara Chivas,Mazatlán,1,3,10,4,14,4,3,7,
1031353,2023-09-29 02:00:00+00:00,Ismael López,Atlas,Puebla,2,3,10,1,11,1,5,6,
1031354,2023-09-30 01:00:00+00:00,Guillermo Pacheco,Club Queretaro,León,1,1,2,8,10,3,4,7,
1031356,2023-09-30 03:10:00+00:00,Fernando Hernández,Club Tijuana,FC Juarez,5,1,8,3,11,5,5,10,
1031357,2023-09-30 23:00:00+00:00,Mario Terrazas,CF Pachuca,Necaxa,1,1,6,4,10,7,5,12,
1031361,2023-09-30 03:00:00+00:00,Adonai Escobedo,Atletico San Luis,Cruz Azul,1,2,6,4,10,1,3,4,
1031355,2023-10-01 01:06:00+00:00,Jesus López,Mazatlán,Tigres UANL,2,3,5,2,7,3,3,6,
1031359,2023-10-01 00:40:00+00:00,Victor Cáceres,Club America,U.N.A.M. - Pumas,1,0,5,5,10,3,5,8,
1031360,2023-10-02 23:20:00+00:00,Daniel Quintero,Toluca,Guadalajara Chivas,1,1,3,5,8,3,3,6,
1031362,2023-10-04 01:00:00+00:00,Erick Miranda,Puebla,Monterrey,1,1,2,8,10,1,3,4,
1031363,2023-10-04 03:00:00+00:00,Marco Ortíz,Club America,CF Pachuca,4,0,4,3,7,2,3,5,
1031364,2023-10-05 01:00:00+00:00,Luis Santander,U.N.A.M. - Pumas,Club Queretaro,4,0,5,2,7,1,2,3,
1031365,2023-10-05 01:00:00+00:00,Fernando Guerrero,Necaxa,Cruz Azul,1,3,3,7,10,1,2,3,
1031366,2023-10-05 03:00:00+00:00,César Ramos,Tigres UANL,Toluca,2,2,8,0,8,4,7,11,
1031368,2023-10-05 03:00:00+00:00,Ismael López,Santos Laguna,Club Tijuana,2,1,6,6,12,3,1,4,
1031370,2023-10-07 03:00:00+00:00,Oscar Mejía,Mazatlán,Club America,1,2,1,9,10,5,3,8,
1031371,2023-10-07 23:00:00+00:00,Daniel Quintero,Monterrey,FC Juarez,3,1,3,4,7,4,4,8,
1031372,2023-10-08 01:00:00+00:00,Ismael López,CF Pachuca,Tigres UANL,1,1,5,2,7,1,2,3,
1031373,2023-10-08 01:00:00+00:00,Adonai Escobedo,Guadalajara Chivas,Atlas,4,1,4,10,14,0,4,4,
1031374,2023-10-08 03:10:00+00:00,César Ramos,Cruz Azul,U.N.A.M. - Pumas,1,4,13,3,16,2,5,7,
1031375,2023-10-08 18:00:00+00:00,Fernando Hernández,Toluca,Club Queretaro,3,1,6,2,8,0,3,3,
1031376,2023-10-08 23:00:00+00:00,Guillermo Pacheco,Necaxa,Puebla,1,2,4,4,8,5,3,8,
1031377,2023-10-09 01:05:00+00:00,Marco Ortíz,Santos Laguna,León,0,2,3,8,11,6,1,7,
1031378,2023-10-09 03:00:00+00:00,Luis Santander,Club Tijuana,Atletico San Luis,2,1,4,6,10,2,4,6,
1031379,2023-10-21 01:00:00+00:00,Marco Ortíz,Atlas,Mazatlán,1,3,7,3,10,5,3,8,
1031380,2023-10-21 01:06:00+00:00,Fernando Guerrero,FC Juarez,CF Pachuca,0,1,5,12,17,6,2,8,
1031381,2023-10-21 23:00:00+00:00,Oscar Mejía,León,Toluca,1,0,8,5,13,1,6,7,
1031428,2023-10-21 03:10:00+00:00,Victor Cáceres,Puebla,Guadalajara Chivas,0,2,8,2,10,4,4,8,
1031382,2023-10-22 01:00:00+00:00,César Ramos,Club America,Santos Laguna,4,3,3,5,8,3,3,6,
1031383,2023-10-22 03:10:00+00:00,Edgar Morales,Tigres UANL,Cruz Azul,2,1,5,7,12,3,3,6,
1031384,2023-10-22 18:00:00+00:00,Ismael López,U.N.A.M. - Pumas,Monterrey,0,1,4,5,9,2,6,8,
1031386,2023-10-22 01:06:00+00:00,Oscar Macías,Club Queretaro,Club Tijuana,1,0,5,6,11,8,2,10,
1031385,2023-10-23 00:00:00+00:00,Fernando Hernández,Atletico San Luis,Necaxa,4,0,5,7,12,1,5,6,
1031427,2023-10-25 01:00:00+00:00,Diego Montaño,León,Atlas,1,1,8,6,14,1,3,4,
1031306,2023-10-26 01:00:00+00:00,Victor Cáceres,Monterrey,Club Tijuana,3,1,7,9,16,2,1,3,
1031369,2023-10-26 03:06:00+00:00,Oscar Mejía,FC Juarez,Atletico San Luis,3,2,1,5,6,3,7,10,
1031387,2023-10-28 01:00:00+00:00,Abraham Quirarte,Necaxa,U.N.A.M. - Pumas,1,0,11,1,12,5,4,9,
1031388,2023-10-28 03:00:00+00:00,Luis Santander,Mazatlán,Club Queretaro,3,0,6,5,11,4,2,6,
1031389,2023-10-29 00:00:00+00:00,Brian González,Cruz Azul,León,1,0,0,0,0,0,0,0,
1031390,2023-10-29 01:05:00+00:00,Jorge Camacho,CF Pachuca,Puebla,1,1,7,2,9,2,1,3,
1031391,2023-10-29 01:05:00+00:00,Fernando Hernández,Guadalajara Chivas,Tigres UANL,0,4,9,1,10,4,3,7,
1031392,2023-10-29 03:10:00+00:00,Adonai Escobedo,Monterrey,Club America,0,3,1,3,4,3,3,6,
1031393,2023-10-29 18:00:00+00:00,César Ramos,Toluca,Atletico San Luis,3,1,5,5,10,5,5,10,
1031394,2023-10-30 01:05:00+00:00,Diego Montaño,Santos Laguna,FC Juarez,5,1,5,3,8,1,2,3,
1031395,2023-10-30 03:00:00+00:00,Daniel Quintero,Club Tijuana,Atlas,2,0,3,3,6,3,5,8,
1031396,2023-11-01 01:00:00+00:00,César Ramos,Club Queretaro,Guadalajara Chivas,1,2,7,5,12,1,5,6,
1031397,2023-11-01 03:00:00+00:00,Adonai Escobedo,León,U.N.A.M. - Pumas,1,1,8,9,17,2,2,4,
1031398,2023-11-01 03:05:00+00:00,Oscar Mejía,Monterrey,Necaxa,3,0,8,3,11,0,0,0,
1031429,2023-11-01 01:00:00+00:00,Oscar Macías,Toluca,Puebla,0,1,2,4,6,3,2,5,
1031399,2023-11-02 01:00:00+00:00,Luis Santander,Atlas,CF Pachuca,0,2,10,2,12,3,5,8,
1031400,2023-11-02 01:00:00+00:00,Daniel Quintero,Cruz Azul,FC Juarez,2,0,4,3,7,2,2,4,
1031401,2023-11-02 03:00:00+00:00,Fernando Hernández,Mazatlán,Santos Laguna,3,1,3,10,13,0,4,4,
1031402,2023-11-02 03:00:00+00:00,Fernando Guerrero,Atletico San Luis,Club America,0,1,6,4,10,3,1,4,
1031403,2023-11-02 03:06:00+00:00,Marco Ortíz,Club Tijuana,Tigres UANL,2,0,4,4,8,3,4,7,
1031404,2023-11-04 03:00:00+00:00,Edgar Morales,Puebla,León,5,4,4,7,11,5,3,8,
1031405,2023-11-04 22:55:00+00:00,Luis Santander,Tigres UANL,Atletico San Luis,2,2,12,0,12,2,2,4,
1031406,2023-11-05 01:00:00+00:00,Oscar Mejía,Club America,Club Tijuana,3,0,2,3,5,1,4,5,
1031407,2023-11-05 03:05:00+00:00,Adonai Escobedo,Guadalajara Chivas,Cruz Azul,1,0,4,4,8,1,3,4,
1031408,2023-11-05 03:05:00+00:00,Daniel Quintero,CF Pachuca,Monterrey,0,2,9,3,12,2,1,3,
1031409,2023-11-05 18:00:00+00:00,Fernando Guerrero,U.N.A.M. - Pumas,Atlas,3,0,7,1,8,2,3,5,
1031410,2023-11-05 22:00:00+00:00,César Ramos,Necaxa,Mazatlán,4,0,4,2,6,1,5,6,
1031411,2023-11-06 00:05:00+00:00,Victor Cáceres,Santos Laguna,Toluca,3,1,4,11,15,3,3,6,
1031412,2023-11-06 02:06:00+00:00,Marco Ortíz,FC Juarez,Club Queretaro,0,3,5,4,9,4,1,5,
1031358,2023-11-09 02:00:00+00:00,Fernando Guerrero,Monterrey,Santos Laguna,3,0,8,5,13,1,2,3,
1031413,2023-11-11 01:00:00+00:00,Guillermo Pacheco,Atlas,Necaxa,0,0,4,4,8,7,2,9,
1031414,2023-11-11 01:06:00+00:00,Adonai Escobedo,Mazatlán,Toluca,1,0,2,4,6,0,1,1,
1031415,2023-11-11 03:10:00+00:00,Fernando Hernández,Club Tijuana,CF Pachuca,2,3,6,4,10,0,7,7,
1031416,2023-11-11 23:00:00+00:00,Victor Cáceres,Club Queretaro,Monterrey,0,0,1,6,7,2,2,4,
1031417,2023-11-11 23:00:00+00:00,Marco Ortíz,Atletico San Luis,Santos Laguna,0,2,5,6,11,3,0,3,
1031418,2023-11-12 01:00:00+00:00,Oscar Mejía,U.N.A.M. - Pumas,Guadalajara Chivas,1,0,6,3,9,2,2,4,
1031419,2023-11-12 03:10:00+00:00,Diego Montaño,Tigres UANL,Club America,0,0,9,7,16,1,1,2,
1031420,2023-11-13 00:00:00+00:00,Luis Santander,Cruz Azul,Puebla,1,2,8,4,12,2,4,6,
1031421,2023-11-13 02:05:00+00:00,Ismael López,León,FC Juarez,2,1,12,0,12,4,11,15,
1142059,2023-11-24 01:00:00+00:00,Adonai Escobedo,Atletico San Luis,León,3,2,0,6,6,2,3,5,
1142060,2023-11-24 03:10:00+00:00,Fernando Guerrero,Santos Laguna,Mazatlán,2,1,8,4,12,3,3,6,
1144268,2023-11-27 02:06:00+00:00,César Ramos,León,Santos Laguna,3,2,6,10,16,5,0,5,
1144265,2023-11-30 01:06:00+00:00,Marco Ortíz,León,Club America,2,2,6,6,12,6,2,8,
1144266,2023-11-30 03:10:00+00:00,Daniel Quintero,Atletico San Luis,Monterrey,1,0,10,4,14,2,3,5,
1142042,2023-12-01 03:05:00+00:00,Fernando Hernández,Guadalajara Chivas,U.N.A.M. - Pumas,1,0,6,5,11,3,2,5,
1142057,2023-12-01 01:10:00+00:00,Oscar Mejía,Puebla,Tigres UANL,2,2,0,8,8,1,2,3,
1144267,2023-12-03 03:10:00+00:00,Victor Cáceres,Monterrey,Atletico San Luis,1,1,10,0,10,2,1,3,
1144390,2023-12-03 01:00:00+00:00,Fernando Guerrero,Club America,León,2,0,6,2,8,1,2,3,
1142043,2023-12-04 00:00:00+00:00,César Ramos,U.N.A.M. - Pumas,Guadalajara Chivas,3,0,4,5,9,2,1,3,
1142058,2023-12-04 02:10:00+00:00,Adonai Escobedo,Tigres UANL,Puebla,3,0,3,3,6,2,4,6,
1145600,2023-12-07 03:00:00+00:00,Adonai Escobedo,Atletico San Luis,Club America,0,5,5,4,9,1,0,1,
1145602,2023-12-08 03:00:00+00:00,Marco Ortíz,U.N.A.M. - Pumas,Tigres UANL,0,1,1,6,7,4,3,7,
1145601,2023-12-10 02:00:00+00:00,César Ramos,Club America,Atletico San Luis,0,2,6,5,11,0,0,0,
1145603,2023-12-11 02:00:00+00:00,Fernando Guerrero,Tigres UANL,U.N.A.M. - Pumas,1,1,3,2,5,2,6,8,
1147013,2023-12-15 03:00:00+00:00,Marco Ortíz,Tigres UANL,Club America,1,1,9,2,11,2,1,3,
1150211,2024-01-13 01:00:00+00:00,Abraham Quirarte,Club Queretaro,Toluca,2,2,5,8,13,3,2,5,
1150212,2024-01-13 03:00:00+00:00,Maximiliano Quintero,Mazatlán,Atletico San Luis,0,1,10,4,14,1,1,2,
1150213,2024-01-14 01:00:00+00:00,Ismael López,Cruz Azul,CF Pachuca,0,1,4,4,8,2,2,4,
1150214,2024-01-14 01:05:00+00:00,Jorge Camacho,Guadalajara Chivas,Santos Laguna,1,1,11,2,13,3,3,6,
1150215,2024-01-14 03:00:00+00:00,Guillermo Pacheco,Monterrey,Puebla,2,0,3,5,8,0,3,3,
1150216,2024-01-14 03:00:00+00:00,Edgar Morales,Club Tijuana,Club America,0,2,10,1,11,2,1,3,
1150217,2024-01-14 18:00:00+00:00,Mario Terrazas,U.N.A.M. - Pumas,FC Juarez,1,0,5,3,8,3,3,6,
1150218,2024-01-15 00:00:00+00:00,Ismael López,Necaxa,Atlas,2,1,7,2,9,4,6,10,
1150219,2024-01-18 01:00:00+00:00,Jesus López,León,Tigres UANL,1,2,9,3,12,1,1,2,
1150220,2024-01-20 01:00:00+00:00,Vicente Arce,Puebla,Necaxa,1,2,7,5,12,1,3,4,
1150221,2024-01-20 03:00:00+00:00,Ismael López,Atletico San Luis,U.N.A.M. - Pumas,3,1,4,8,12,2,4,6,
1150222,2024-01-20 03:10:00+00:00,Erick Miranda,FC Juarez,Cruz Azul,0,0,4,13,17,2,3,5,
1150223,2024-01-20 23:00:00+00:00,Jorge Camacho,Toluca,Mazatlán,4,1,5,2,7,4,2,6,
1150224,2024-01-21 01:05:00+00:00,Maximiliano Quintero,Club America,Club Queretaro,2,0,10,3,13,1,3,4,
1150225,2024-01-21 03:10:00+00:00,Oscar Macías,Atlas,Club Tijuana,0,0,10,0,10,2,0,2,
1150227,2024-01-22 00:00:00+00:00,Guillermo Pacheco,Tigres UANL,Guadalajara Chivas,1,0,2,1,3,1,3,4,
1150228,2024-01-22 02:05:00+00:00,Edgar Morales,Santos Laguna,Monterrey,0,2,6,5,11,5,3,8,
1150238,2024-01-25 01:00:00+00:00,Victor Cáceres,Atletico San Luis,Tigres UANL,1,2,1,6,7,2,1,3,
1150239,2024-01-25 01:00:00+00:00,Marco Ortíz,Monterrey,Club Queretaro,1,1,9,1,10,1,2,3,
1150240,2024-01-25 03:06:00+00:00,Luis Santander,FC Juarez,Club America,0,2,4,5,9,5,1,6,
1150229,2024-01-27 01:00:00+00:00,Ismael López,Puebla,Toluca,1,1,3,3,6,3,3,6,
1150230,2024-01-27 03:00:00+00:00,Brian González,Club Tijuana,Guadalajara Chivas,1,1,5,2,7,4,6,10,
1150231,2024-01-27 23:00:00+00:00,Luis Santander,Cruz Azul,Mazatlán,2,1,8,2,10,2,4,6,
1150232,2024-01-27 23:00:00+00:00,Daniel Quintero,León,Santos Laguna,3,2,6,4,10,2,5,7,
1150233,2024-01-28 01:00:00+00:00,Jesus López,Monterrey,Atletico San Luis,3,1,1,4,5,1,0,1,
1150234,2024-01-28 03:05:00+00:00,Diego Montaño,Necaxa,Club America,0,0,5,7,12,3,4,7,
1150236,2024-01-28 23:15:00+00:00,Maximiliano Quintero,U.N.A.M. - Pumas,CF Pachuca,3,1,3,7,10,5,4,9,
1150235,2024-01-29 01:00:00+00:00,Fernando Hernández,Atlas,FC Juarez,2,1,6,10,16,8,3,11,
1150237,2024-01-29 03:00:00+00:00,Ismael López,Club Queretaro,Tigres UANL,1,1,3,7,10,6,2,8,
1150241,2024-01-31 01:00:00+00:00,Jesus López,Cruz Azul,Club Tijuana,1,0,11,3,14,6,2,8,
1150242,2024-01-31 01:00:00+00:00,Edgar Morales,Mazatlán,León,2,2,4,4,8,1,3,4,
1150243,2024-01-31 03:05:00+00:00,Fernando Hernández,Guadalajara Chivas,Toluca,3,2,5,7,12,4,4,8,
1150245,2024-01-31 03:00:00+00:00,Brian González,Santos Laguna,Puebla,3,0,3,7,10,2,3,5,
1150244,2024-02-01 01:00:00+00:00,Daniel Quintero,CF Pachuca,Atlas,4,3,7,4,11,2,6,8,
1150246,2024-02-01 03:00:00+00:00,César Ramos,U.N.A.M. - Pumas,Necaxa,2,2,11,4,15,1,7,8,
1150247,2024-02-03 01:00:00+00:00,Jorge Camacho,Club Queretaro,Cruz Azul,1,3,2,7,9,5,1,6,
1150248,2024-02-03 03:00:00+00:00,Fernando Guerrero,Puebla,Mazatlán,3,2,6,7,13,5,3,8,
1150249,2024-02-03 23:00:00+00:00,Ismael López,Toluca,León,4,1,6,3,9,3,0,3,
1150250,2024-02-04 23:06:00+00:00,Marco Ortíz,FC Juarez,Necaxa,2,2,6,3,9,2,3,5,
1150251,2024-02-04 01:10:00+00:00,Guillermo Pacheco,CF Pachuca,Club Tijuana,3,2,11,5,16,4,6,10,
1150252,2024-02-04 01:05:00+00:00,Fernando Hernández,Tigres UANL,U.N.A.M. - Pumas,2,2,6,4,10,1,4,5,
1150253,2024-02-04 03:10:00+00:00,César Ramos,Club America,Monterrey,1,1,5,4,9,1,4,5,
1150254,2024-02-05 00:00:00+00:00,Mario Terrazas,Atlas,Santos Laguna,3,0,10,4,14,3,1,4,
1150255,2024-02-05 01:00:00+00:00,Oscar Mejía,Atletico San Luis,Guadalajara Chivas,0,2,6,5,11,5,3,8,
1150226,2024-02-08 03:10:00+00:00,Abraham Quirarte,CF Pachuca,León,3,2,4,3,7,2,4,6,
1150256,2024-02-10 01:00:00+00:00,Victor Cáceres,Mazatlán,Atlas,2,0,5,4,9,2,3,5,
1150257,2024-02-10 03:10:00+00:00,Adonai Escobedo,Club Tijuana,Club Queretaro,1,1,3,4,7,3,4,7,
1150258,2024-02-10 23:00:00+00:00,Daniel Quintero,Necaxa,Toluca,3,3,2,6,8,1,2,3,
1150259,2024-02-10 23:05:00+00:00,Vicente Arce,Guadalajara Chivas,FC Juarez,2,1,3,3,6,4,2,6,
1150260,2024-02-11 01:05:00+00:00,Fernando Guerrero,Cruz Azul,Atletico San Luis,3,0,3,5,8,0,2,2,
1150261,2024-02-11 01:00:00+00:00,Marco Ortíz,León,Club America,0,1,6,13,19,3,3,6,
1150262,2024-02-11 03:10:00+00:00,Fernando Hernández,Monterrey,CF Pachuca,3,2,5,2,7,1,2,3,
1150263,2024-02-11 03:10:00+00:00,Oscar Mejía,Santos Laguna,Tigres UANL,0,3,9,1,10,2,5,7,
1150264,2024-02-11 18:00:00+00:00,Guillermo Pacheco,U.N.A.M. - Pumas,Puebla,3,0,5,3,8,0,4,4,
1150283,2024-02-15 03:00:00+00:00,Jesus López,Atlas,U.N.A.M. - Pumas,0,0,6,1,7,0,4,4,
1150265,2024-02-17 01:00:00+00:00,Fernando Hernández,Club Queretaro,Necaxa,1,1,5,6,11,5,3,8,
1150266,2024-02-17 03:00:00+00:00,Adonai Escobedo,Mazatlán,Guadalajara Chivas,2,2,10,2,12,1,4,5,
1150268,2024-02-17 23:00:00+00:00,Daniel Quintero,Atletico San Luis,Club Tijuana,3,3,5,1,6,1,3,4,
1150269,2024-02-18 01:00:00+00:00,Victor Cáceres,CF Pachuca,Club America,2,1,4,5,9,4,1,5,
1150270,2024-02-18 03:05:00+00:00,Marco Ortíz,Cruz Azul,Tigres UANL,1,0,10,5,15,4,6,10,
1150271,2024-02-18 22:00:00+00:00,Oscar Mejía,Atlas,León,0,1,8,2,10,0,5,5,
1150272,2024-02-19 00:05:00+00:00,Ismael López,U.N.A.M. - Pumas,Santos Laguna,3,0,10,5,15,4,1,5,
1150273,2024-02-19 02:10:00+00:00,Luis Santander,Monterrey,Toluca,0,0,4,4,8,0,2,2,
1150284,2024-02-21 01:00:00+00:00,Maximiliano Quintero,Puebla,CF Pachuca,1,4,7,5,12,4,2,6,
1150285,2024-02-21 03:00:00+00:00,Brian González,Necaxa,Guadalajara Chivas,1,0,4,11,15,4,3,7,
1150286,2024-02-22 01:00:00+00:00,Abraham Quirarte,Toluca,Santos Laguna,1,0,5,4,9,3,2,5,
1150287,2024-02-22 03:00:00+00:00,Diego Montaño,León,Cruz Azul,2,3,4,4,8,2,3,5,
1150288,2024-02-22 03:00:00+00:00,Ismael López,Club America,Mazatlán,2,2,7,3,10,0,3,3,
1150274,2024-02-24 01:00:00+00:00,Jesus López,Puebla,Club Queretaro,0,2,6,5,11,1,3,4,
1150275,2024-02-24 03:00:00+00:00,Jorge Camacho,Necaxa,CF Pachuca,1,1,1,6,7,2,3,5,
1150276,2024-02-24 03:10:00+00:00,Marco Ortíz,FC Juarez,Monterrey,0,3,0,5,5,1,1,2,
1150277,2024-02-24 23:00:00+00:00,Ismael López,León,Atletico San Luis,1,0,7,7,14,4,0,4,
1150278,2024-02-25 01:05:00+00:00,Oscar Macías,Guadalajara Chivas,U.N.A.M. - Pumas,3,1,4,6,10,0,1,1,
1150279,2024-02-25 01:00:00+00:00,César Ramos,Tigres UANL,Atlas,1,1,5,3,8,1,3,4,
1150280,2024-02-25 03:10:00+00:00,Oscar Mejía,Club America,Cruz Azul,1,0,2,12,14,0,3,3,
1150281,2024-02-25 18:00:00+00:00,Diego Montaño,Toluca,Club Tijuana,2,0,3,6,9,2,2,4,
1150282,2024-02-26 00:00:00+00:00,Fernando Guerrero,Santos Laguna,Mazatlán,1,0,3,5,8,2,2,4,
1150289,2024-02-28 01:00:00+00:00,Edgar Morales,Club Queretaro,Atletico San Luis,4,1,3,5,8,4,3,7,
1150290,2024-02-29 01:00:00+00:00,Jesus López,Tigres UANL,FC Juarez,1,0,7,1,8,1,3,4,
1150291,2024-02-29 03:00:00+00:00,Oscar Mejía,Club Tijuana,Monterrey,1,1,5,8,13,4,3,7,
1150292,2024-03-02 01:00:00+00:00,Brian González,Club Queretaro,Santos Laguna,0,1,7,3,10,5,4,9,
1150293,2024-03-02 01:00:00+00:00,Vicente Arce,Atletico San Luis,Puebla,4,0,2,4,6,2,2,4,
1150294,2024-03-02 03:00:00+00:00,Marco Ortíz,Mazatlán,Necaxa,2,1,5,1,6,2,6,8,
1150295,2024-03-02 23:00:00+00:00,Adonai Escobedo,Toluca,Tigres UANL,2,1,6,1,7,2,5,7,
1150296,2024-03-03 01:00:00+00:00,Abraham Quirarte,CF Pachuca,FC Juarez,3,2,5,3,8,2,4,6,
1150297,2024-03-03 01:05:00+00:00,César Ramos,Cruz Azul,Guadalajara Chivas,3,0,1,5,6,0,2,2,
1150298,2024-03-03 03:10:00+00:00,Fernando Guerrero,Atlas,Club America,1,5,1,7,8,4,0,4,
1150299,2024-03-04 01:00:00+00:00,Victor Cáceres,Monterrey,U.N.A.M. - Pumas,3,0,8,5,13,0,2,2,
1150300,2024-03-04 03:00:00+00:00,Guillermo Pacheco,Club Tijuana,León,1,1,6,2,8,2,3,5,
1150301,2024-03-09 01:00:00+00:00,Luis Santander,Puebla,Atlas,2,2,4,10,14,1,2,3,
1150302,2024-03-09 03:10:00+00:00,Fernando Guerrero,FC Juarez,Toluca,1,1,3,6,9,0,0,0,
1150303,2024-03-09 03:00:00+00:00,Fernando Hernández,Necaxa,Atletico San Luis,3,1,3,5,8,3,6,9,
1150304,2024-03-09 23:05:00+00:00,Daniel Quintero,Guadalajara Chivas,León,1,2,7,1,8,4,1,5,
1150305,2024-03-10 01:00:00+00:00,Katia García,CF Pachuca,Club Queretaro,1,2,8,2,10,0,6,6,
1150306,2024-03-10 01:00:00+00:00,Adonai Escobedo,Santos Laguna,Cruz Azul,3,0,2,9,11,7,6,13,
1150307,2024-03-10 03:00:00+00:00,Victor Cáceres,Club America,Tigres UANL,2,0,4,9,13,2,0,2,
1150308,2024-03-10 18:00:00+00:00,Marco Ortíz,U.N.A.M. - Pumas,Club Tijuana,3,3,8,3,11,5,2,7,
1150309,2024-03-11 01:00:00+00:00,César Ramos,Monterrey,Mazatlán,2,1,3,4,7,2,2,4,
1150310,2024-03-16 01:00:00+00:00,Luis Santander,Club Queretaro,FC Juarez,1,0,7,5,12,5,2,7,
1150311,2024-03-16 03:00:00+00:00,Daniel Quintero,Club Tijuana,Santos Laguna,2,2,10,4,14,4,0,4,
1150312,2024-03-16 23:00:00+00:00,Fernando Guerrero,Cruz Azul,Necaxa,1,2,14,1,15,4,2,6,
1150313,2024-03-17 01:00:00+00:00,Karen Hernández,León,Puebla,2,1,3,11,14,1,5,6,
1150315,2024-03-17 01:00:00+00:00,Oscar Mejía,Tigres UANL,Mazatlán,5,1,4,9,13,1,0,1,
1150316,2024-03-17 03:05:00+00:00,Fernando Hernández,Guadalajara Chivas,Club America,0,0,3,6,9,4,2,6,
1150317,2024-03-17 23:00:00+00:00,Ismael López,Atlas,Monterrey,1,2,7,3,10,4,1,5,
1150314,2024-03-18 01:00:00+00:00,César Ramos,Toluca,U.N.A.M. - Pumas,3,0,6,4,10,1,3,4,
1150318,2024-03-18 01:00:00+00:00,Victor Cáceres,Atletico San Luis,CF Pachuca,2,1,3,11,14,6,1,7,
1150267,2024-03-24 01:00:00+00:00,César Ramos,FC Juarez,Puebla,4,3,6,4,10,1,0,1,
1150319,2024-03-30 01:00:00+00:00,Jorge Camacho,Puebla,Tigres UANL,2,3,8,10,18,1,1,2,
1150320,2024-03-30 03:00:00+00:00,Fernando Guerrero,Mazatlán,Club Tijuana,2,0,3,3,6,1,3,4,
1150321,2024-03-30 02:00:00+00:00,Jesus López,Club America,Atletico San Luis,2,1,9,8,17,1,1,2,
1150322,2024-03-31 01:00:00+00:00,Daniel Quintero,CF Pachuca,Toluca,2,3,4,1,5,5,2,7,
1150323,2024-03-31 01:00:00+00:00,Adonai Escobedo,Monterrey,Guadalajara Chivas,0,2,4,3,7,5,0,5,
1150324,2024-03-31 03:05:00+00:00,Fernando Hernández,U.N.A.M. - Pumas,Cruz Azul,0,0,5,1,6,2,2,4,
1150325,2024-03-31 23:00:00+00:00,César Ramos,Atlas,Club Queretaro,2,3,5,6,11,6,2,8,
1150326,2024-04-01 01:00:00+00:00,Victor Cáceres,Necaxa,León,1,2,3,4,7,1,1,2,
1150327,2024-04-01 01:36:00+00:00,Erick Miranda,FC Juarez,Santos Laguna,2,1,5,2,7,3,0,3,
1150328,2024-04-06 01:00:00+00:00,Victor Cáceres,Mazatlán,U.N.A.M. - Pumas,0,4,5,7,12,2,5,7,
1150329,2024-04-06 03:10:00+00:00,Ismael López,Club Tijuana,Necaxa,2,3,5,3,8,3,3,6,
1150330,2024-04-06 23:00:00+00:00,Adonai Escobedo,León,Club Queretaro,0,2,9,4,13,0,0,0,
1150331,2024-04-07 01:05:00+00:00,Fernando Guerrero,Guadalajara Chivas,Puebla,3,2,6,2,8,2,2,4,
1150332,2024-04-07 01:00:00+00:00,Fernando Hernández,Tigres UANL,CF Pachuca,0,3,6,1,7,3,2,5,
1150333,2024-04-07 03:05:00+00:00,Marco Ortíz,Cruz Azul,Monterrey,2,1,9,3,12,2,4,6,
1150334,2024-04-07 03:05:00+00:00,Luis Santander,Santos Laguna,Club America,1,1,2,10,12,2,3,5,
1150335,2024-04-07 18:00:00+00:00,Karen Hernández,Toluca,Atlas,4,1,7,1,8,0,3,3,
1150336,2024-04-08 00:00:00+00:00,Oscar Mejía,Atletico San Luis,FC Juarez,2,3,4,6,10,1,4,5,
1150337,2024-04-13 01:06:00+00:00,Marco Ortíz,Club Queretaro,Mazatlán,0,2,8,2,10,3,3,6,
1150338,2024-04-13 03:00:00+00:00,Fernando Hernández,Necaxa,Santos Laguna,2,0,3,8,11,1,1,2,
1150339,2024-04-13 03:00:00+00:00,Katia García,Puebla,Cruz Azul,0,1,2,3,5,5,0,5,
1150340,2024-04-13 23:00:00+00:00,Jesus López,CF Pachuca,Guadalajara Chivas,0,1,11,1,12,2,6,8,
1150341,2024-04-14 01:05:00+00:00,Adonai Escobedo,Club America,Toluca,5,1,3,8,11,4,2,6,
1150342,2024-04-14 03:10:00+00:00,César Ramos,Monterrey,Tigres UANL,3,3,12,2,14,1,7,8,
1150343,2024-04-15 00:00:00+00:00,Victor Cáceres,Atlas,Atletico San Luis,2,1,13,4,17,0,2,2,
1150344,2024-04-15 00:00:00+00:00,Daniel Quintero,U.N.A.M. - Pumas,León,1,0,7,4,11,1,3,4,
1150345,2024-04-15 02:06:00+00:00,Luis Santander,FC Juarez,Club Tijuana,0,1,5,4,9,1,1,2,
1150346,2024-04-20 01:00:00+00:00,Fernando Hernández,Mazatlán,FC Juarez,0,2,8,7,15,2,0,2,
1150347,2024-04-20 03:00:00+00:00,Daniel Quintero,Atletico San Luis,Toluca,1,5,9,3,12,3,2,5,
1150348,2024-04-20 03:10:00+00:00,Adonai Escobedo,Club Tijuana,Puebla,3,1,8,1,9,3,4,7,
1150349,2024-04-20 23:00:00+00:00,Victor Cáceres,León,Monterrey,2,0,2,3,5,2,1,3,
1150350,2024-04-21 01:05:00+00:00,Marco Ortíz,Tigres UANL,Necaxa,5,2,4,1,5,2,3,5,
1150351,2024-04-21 01:05:00+00:00,Oscar Mejía,Guadalajara Chivas,Club Queretaro,2,0,6,0,6,2,5,7,
1150352,2024-04-21 03:10:00+00:00,Fernando Guerrero,U.N.A.M. - Pumas,Club America,2,1,2,3,5,5,7,12,
1150354,2024-04-21 01:05:00+00:00,Ismael López,Santos Laguna,CF Pachuca,0,2,1,6,7,0,3,3,
1150353,2024-04-22 00:00:00+00:00,Luis Santander,Cruz Azul,Atlas,2,2,11,0,11,2,1,3,
1150355,2024-04-27 01:00:00+00:00,Guillermo Pacheco,Puebla,Club America,1,2,4,3,7,1,0,1,
1150356,2024-04-27 03:10:00+00:00,Ismael López,Club Queretaro,U.N.A.M. - Pumas,1,1,4,5,9,4,1,5,
1150357,2024-04-27 23:06:00+00:00,Adonai Escobedo,FC Juarez,León,1,1,9,11,20,2,4,6,
1150358,2024-04-28 01:00:00+00:00,Fernando Hernández,Tigres UANL,Club Tijuana,4,1,4,5,9,2,3,5,
1150359,2024-04-28 01:10:00+00:00,Luis Santander,CF Pachuca,Mazatlán,1,1,6,5,11,1,1,2,
1150360,2024-04-28 01:00:00+00:00,Fernando Guerrero,Toluca,Cruz Azul,0,1,6,4,10,0,2,2,
1150361,2024-04-28 03:10:00+00:00,Marco Ortíz,Atlas,Guadalajara Chivas,0,1,5,5,10,5,3,8,
1150362,2024-04-29 00:00:00+00:00,Jesus López,Necaxa,Monterrey,2,5,5,3,8,5,2,7,
1150363,2024-04-29 00:00:00+00:00,Ismael López,Santos Laguna,Atletico San Luis,0,3,3,5,8,4,4,8,
1198553,2024-05-06 02:06:00+00:00,Fernando Hernández,CF Pachuca,Necaxa,2,1,9,4,13,7,5,12,
1197967,2024-05-09 01:05:00+00:00,Oscar Mejía,Guadalajara Chivas,Toluca,1,0,3,3,6,1,1,2,
1198984,2024-05-09 03:16:00+00:00,Fernando Guerrero,CF Pachuca,Club America,1,1,8,4,12,1,1,2,
1197969,2024-05-10 03:10:00+00:00,Marco Ortíz,Tigres UANL,Monterrey,1,2,2,0,2,3,5,8,
1198551,2024-05-10 01:00:00+00:00,Luis Santander,U.N.A.M. - Pumas,Cruz Azul,0,2,7,2,9,2,2,4,
1197968,2024-05-12 02:10:00+00:00,César Ramos,Toluca,Guadalajara Chivas,0,0,7,5,12,5,3,8,
1198985,2024-05-12 00:00:00+00:00,Victor Cáceres,Club America,CF Pachuca,1,1,11,2,13,4,3,7,
1197970,2024-05-13 03:10:00+00:00,Fernando Hernández,Monterrey,Tigres UANL,1,1,3,5,8,2,3,5,
1198552,2024-05-13 01:00:00+00:00,Daniel Quintero,Cruz Azul,U.N.A.M. - Pumas,2,2,2,5,7,2,7,9,
1199963,2024-05-16 02:05:00+00:00,Oscar Mejía,Guadalajara Chivas,Club America,0,0,5,3,8,1,1,2,
1200174,2024-05-17 03:00:00+00:00,Daniel Quintero,Monterrey,Cruz Azul,0,1,8,2,10,1,1,2,
1199964,2024-05-19 02:00:00+00:00,César Ramos,Club America,Guadalajara Chivas,1,0,4,3,7,0,2,2,
1200175,2024-05-20 00:00:00+00:00,Fernando Guerrero,Cruz Azul,Monterrey,1,2,1,5,6,1,4,5,
1200843,2024-05-24 02:00:00+00:00,Fernando Hernández,Cruz Azul,Club America,1,1,7,3,10,0,0,0,
1200844,2024-05-27 01:00:00+00:00,Marco Ortíz,Club America,Cruz Azul,1,0,3,6,9,3,1,4,
1206004,2024-07-05 22:45:00+00:00,Jorge Camacho,Puebla,Santos Laguna,1,0,8,1,9,1,3,4,
1206003,2024-07-06 01:00:00+00:00,Luis García,Club Queretaro,Club Tijuana,1,2,4,7,11,3,0,3,
1206005,2024-07-06 03:10:00+00:00,Oscar Macías,FC Juarez,Atlas,2,2,2,5,7,2,2,4,
1206006,2024-07-06 23:00:00+00:00,Ismael López,Atletico San Luis,Club America,2,1,5,2,7,2,2,4,
1206007,2024-07-07 01:00:00+00:00,Vicente Arce,Tigres UANL,Necaxa,1,0,7,5,12,0,1,1,
1206008,2024-07-07 01:00:00+00:00,Jesus López,Guadalajara Chivas,Toluca,0,0,4,6,10,1,2,3,
1206009,2024-07-07 03:00:00+00:00,Karen Hernández,Cruz Azul,Mazatlán,1,0,6,0,6,5,1,6,
1206010,2024-07-07 18:00:00+00:00,Maximiliano Quintero,U.N.A.M. - Pumas,León,4,1,6,3,9,1,3,4,
1206011,2024-07-08 01:06:00+00:00,Ismael López,CF Pachuca,Monterrey,0,1,8,1,9,3,4,7,
1206012,2024-07-13 01:00:00+00:00,Katia García,Club America,Club Queretaro,3,1,1,5,6,1,2,3,
1206013,2024-07-13 03:00:00+00:00,Martin Molina,Mazatlán,Atletico San Luis,2,2,5,4,9,2,1,3,
1206014,2024-07-13 03:00:00+00:00,Ismael López,Club Tijuana,Guadalajara Chivas,4,2,2,4,6,2,2,4,
1206015,2024-07-13 03:05:00+00:00,Jorge Camacho,Atlas,Tigres UANL,1,1,4,3,7,1,1,2,
1206016,2024-07-13 23:00:00+00:00,Abraham Quirarte,Necaxa,Puebla,4,1,5,5,10,2,0,2,
1206017,2024-07-13 23:00:00+00:00,Salvador Pérez Villalobos,León,CF Pachuca,0,0,9,1,10,5,5,10,
1206018,2024-07-14 01:10:00+00:00,Vicente Arce,Toluca,FC Juarez,3,2,7,3,10,0,3,3,
1206019,2024-07-14 01:25:00+00:00,Mario Terrazas,Santos Laguna,U.N.A.M. - Pumas,1,1,4,11,15,6,2,8,
1206020,2024-07-14 03:10:00+00:00,Maximiliano Quintero,Monterrey,Cruz Azul,0,4,2,3,5,2,1,3,
1206021,2024-07-17 01:00:00+00:00,Fernando Hernández,Club Queretaro,Guadalajara Chivas,0,2,4,3,7,2,1,3,
1206022,2024-07-17 01:00:00+00:00,Luis Santander,Atlas,Santos Laguna,1,0,8,4,12,1,2,3,
1206023,2024-07-17 03:00:00+00:00,Marco Ortíz,Puebla,León,2,2,5,5,10,2,1,3,
1206024,2024-07-17 01:00:00+00:00,Victor Cáceres,CF Pachuca,Atletico San Luis,2,0,7,11,18,2,1,3,
1206025,2024-07-17 03:05:00+00:00,Ismael López,Cruz Azul,Club Tijuana,3,0,7,1,8,1,2,3,
1206026,2024-07-18 01:06:00+00:00,Daniel Quintero,FC Juarez,U.N.A.M. - Pumas,1,2,5,4,9,4,3,7,
1206027,2024-07-18 03:00:00+00:00,Adonai Escobedo,Toluca,Mazatlán,3,0,6,5,11,2,2,4,
1206028,2024-07-18 03:00:00+00:00,Fernando Guerrero,Tigres UANL,Club America,1,0,13,1,14,3,1,4,
1206029,2024-07-18 01:00:00+00:00,Jesus López,Necaxa,Monterrey,0,1,3,3,6,5,1,6,
1206030,2024-07-20 01:00:00+00:00,Mario Terrazas,Atletico San Luis,Club Tijuana,1,1,7,2,9,1,2,3,
1206031,2024-07-20 03:05:00+00:00,Ismael López,Puebla,Atlas,1,2,6,4,10,2,3,5,
1206032,2024-07-20 23:05:00+00:00,Oscar Mejía,Guadalajara Chivas,Mazatlán,2,0,4,5,9,2,4,6,
1206033,2024-07-21 01:00:00+00:00,Marco Ortíz,Santos Laguna,Tigres UANL,0,3,7,6,13,3,4,7,
1206034,2024-07-21 01:00:00+00:00,Victor Cáceres,Monterrey,Club Queretaro,2,1,6,4,10,1,3,4,
1206035,2024-07-21 03:10:00+00:00,Maximiliano Quintero,FC Juarez,Club America,1,2,4,6,10,1,0,1,
1206036,2024-07-21 03:05:00+00:00,Jesus López,Cruz Azul,Toluca,1,1,10,3,13,2,2,4,
1206037,2024-07-21 23:00:00+00:00,Vicente Arce,U.N.A.M. - Pumas,CF Pachuca,2,0,4,6,10,5,5,10,
1206038,2024-07-22 01:05:00+00:00,Luis García,León,Necaxa,1,1,4,4,8,2,1,3,
1206140,2024-08-17 01:00:00+00:00,Salvador Pérez Villalobos,Puebla,Monterrey,1,2,6,3,9,2,3,5,
1206074,2024-08-19 00:05:00+00:00,Maximiliano Quintero,Club Tijuana,Santos Laguna,3,1,1,3,4,1,5,6,
1206115,2024-08-19 02:00:00+00:00,Jesus López,Atletico San Luis,Club Queretaro,4,0,4,5,9,2,8,10,
1206039,2024-08-24 01:00:00+00:00,Guillermo Pacheco,Club Queretaro,Cruz Azul,0,2,1,6,7,0,4,4,
1206040,2024-08-24 02:00:00+00:00,Marco Ortíz,Mazatlán,CF Pachuca,3,0,8,0,8,1,7,8,
1206041,2024-08-24 03:05:00+00:00,César Ramos,Club Tijuana,Monterrey,2,2,3,2,5,1,2,3,
1206042,2024-08-24 23:00:00+00:00,Martin Molina,Necaxa,FC Juarez,3,0,5,3,8,1,4,5,
1206043,2024-08-25 01:00:00+00:00,Adonai Escobedo,León,Santos Laguna,1,1,5,5,10,3,2,5,
1206044,2024-08-25 01:00:00+00:00,Fernando Hernández,Atlas,U.N.A.M. - Pumas,2,1,4,5,9,5,3,8,
1206045,2024-08-25 01:00:00+00:00,Daniel Quintero,Tigres UANL,Guadalajara Chivas,1,1,4,3,7,3,2,5,
1206046,2024-08-25 03:05:00+00:00,Luis Santander,Club America,Puebla,0,1,7,3,10,0,1,1,
1206047,2024-08-25 18:00:00+00:00,Katia García,Toluca,Atletico San Luis,2,1,2,4,6,4,2,6,
1206048,2024-08-31 01:00:00+00:00,Jorge Camacho,Atletico San Luis,Atlas,2,1,3,0,3,1,2,3,
1206049,2024-08-31 02:00:00+00:00,Ismael López,Mazatlán,Puebla,1,1,14,1,15,1,8,9,
1206050,2024-08-31 03:05:00+00:00,Victor Cáceres,Club Tijuana,León,2,1,7,3,10,3,5,8,
1206051,2024-08-31 23:00:00+00:00,Ismael López,CF Pachuca,Club Queretaro,1,1,10,1,11,2,8,10,
1206052,2024-08-31 23:05:00+00:00,Adonai Escobedo,Guadalajara Chivas,FC Juarez,5,0,6,6,12,1,6,7,
1206053,2024-09-01 01:00:00+00:00,Fernando Guerrero,Monterrey,Toluca,1,2,3,1,4,2,3,5,
1206054,2024-09-01 03:10:00+00:00,César Ramos,Cruz Azul,Club America,4,1,5,5,10,3,3,6,
1206055,2024-09-01 23:00:00+00:00,Oscar Mejía,U.N.A.M. - Pumas,Tigres UANL,1,3,5,5,10,3,4,7,
1206056,2024-09-02 01:05:00+00:00,Guillermo Pacheco,Santos Laguna,Necaxa,3,2,7,6,13,2,0,2,
1206057,2024-09-14 00:00:00+00:00,Vicente Arce,Puebla,Club Queretaro,2,1,3,3,6,2,0,2,
1206058,2024-09-14 01:00:00+00:00,Luis Santander,Atlas,CF Pachuca,2,0,5,7,12,3,5,8,
1206059,2024-09-14 02:10:00+00:00,Fernando Hernández,FC Juarez,Mazatlán,1,0,4,14,18,5,4,9,
1206060,2024-09-14 02:10:00+00:00,Martin Molina,Tigres UANL,Atletico San Luis,1,0,3,3,6,4,0,4,
1206061,2024-09-14 03:00:00+00:00,Katia García,Necaxa,U.N.A.M. - Pumas,2,0,3,4,7,3,3,6,
1206062,2024-09-14 22:45:00+00:00,Ismael López,Toluca,Club Tijuana,4,0,9,4,13,1,1,2,
1206063,2024-09-15 00:50:00+00:00,Victor Cáceres,Club America,Guadalajara Chivas,1,0,4,8,12,4,2,6,
1206064,2024-09-15 02:35:00+00:00,Maximiliano Quintero,León,Cruz Azul,1,2,5,5,10,2,3,5,
1206065,2024-09-15 03:00:00+00:00,Erick Miranda,Santos Laguna,Monterrey,0,2,9,5,14,1,2,3,
1206066,2024-09-18 01:00:00+00:00,Oscar Mejía,Atletico San Luis,Cruz Azul,3,1,4,3,7,1,2,3,
1206067,2024-09-18 01:00:00+00:00,Jesus López,CF Pachuca,Toluca,2,2,6,8,14,4,5,9,
1206068,2024-09-18 03:05:00+00:00,Ismael López,U.N.A.M. - Pumas,Puebla,1,0,7,4,11,0,4,4,
1206069,2024-09-18 03:00:00+00:00,Fernando Guerrero,Club Queretaro,Tigres UANL,1,0,3,14,17,1,1,2,
1206070,2024-09-18 01:00:00+00:00,Adonai Escobedo,Club America,Atlas,3,0,4,0,4,3,5,8,
1206071,2024-09-19 01:05:00+00:00,Guillermo Pacheco,Guadalajara Chivas,León,2,0,4,5,9,2,3,5,
1206072,2024-09-19 02:00:00+00:00,Daniel Quintero,Mazatlán,Necaxa,0,0,9,4,13,2,2,4,
1206073,2024-09-19 03:00:00+00:00,Salvador Pérez Villalobos,Monterrey,FC Juarez,3,2,3,6,9,4,5,9,
1206075,2024-09-21 01:00:00+00:00,Jesus López,Atlas,Club Queretaro,0,1,10,3,13,1,3,4,
1206076,2024-09-21 01:00:00+00:00,Maximiliano Quintero,Puebla,CF Pachuca,2,3,5,6,11,1,1,2,
1206077,2024-09-21 23:00:00+00:00,Luis García,León,Atletico San Luis,1,0,8,3,11,2,1,3,
1206078,2024-09-22 01:00:00+00:00,Oscar Mejía,Necaxa,Club America,1,1,3,6,9,4,1,5,
1206079,2024-09-22 01:00:00+00:00,Ismael López,Monterrey,Mazatlán,0,0,2,12,14,4,3,7,
1206080,2024-09-22 03:05:00+00:00,Daniel Quintero,Cruz Azul,Guadalajara Chivas,1,0,8,8,16,1,1,2,
1206081,2024-09-22 23:00:00+00:00,Luis Santander,U.N.A.M. - Pumas,Club Tijuana,1,0,5,2,7,1,2,3,
1206082,2024-09-23 01:10:00+00:00,Victor Cáceres,FC Juarez,Tigres UANL,0,1,0,4,4,2,3,5,
1206083,2024-09-23 01:05:00+00:00,Ismael López,Santos Laguna,Toluca,2,0,4,13,17,4,2,6,
1206084,2024-09-28 00:00:00+00:00,Oscar Mejía,Puebla,FC Juarez,2,3,9,8,17,4,2,6,
1206085,2024-09-28 01:00:00+00:00,Jorge Camacho,Club Queretaro,Necaxa,0,0,7,9,16,3,2,5,
1206086,2024-09-28 02:00:00+00:00,Daniel Quintero,Tigres UANL,León,2,2,9,2,11,3,4,7,
1206087,2024-09-28 03:05:00+00:00,Victor Cáceres,Club Tijuana,Mazatlán,1,0,3,7,10,1,1,2,
1206088,2024-09-28 23:00:00+00:00,Mario Terrazas,Toluca,Atlas,4,1,1,2,3,2,1,3,
1206089,2024-09-29 01:05:00+00:00,Adonai Escobedo,CF Pachuca,Cruz Azul,2,4,3,3,6,6,3,9,
1206090,2024-09-29 03:05:00+00:00,Jesus López,Guadalajara Chivas,Monterrey,1,1,8,1,9,2,5,7,
1206091,2024-09-29 03:10:00+00:00,Maximiliano Quintero,Atletico San Luis,Santos Laguna,3,1,3,2,5,1,2,3,
1206092,2024-09-30 00:00:00+00:00,Fernando Hernández,Club America,U.N.A.M. - Pumas,0,1,4,3,7,3,3,6,
1206093,2024-10-05 02:00:00+00:00,Oscar Mejía,Mazatlán,Club Queretaro,2,2,4,7,11,2,2,4,
1206094,2024-10-05 03:00:00+00:00,Ismael López,Club Tijuana,CF Pachuca,2,1,3,4,7,4,4,8,
1206095,2024-10-05 23:00:00+00:00,Vicente Arce,Tigres UANL,Puebla,1,0,4,3,7,1,2,3,
1206096,2024-10-05 23:00:00+00:00,Victor Cáceres,Atletico San Luis,Monterrey,1,0,6,7,13,3,0,3,
1206100,2024-10-05 23:00:00+00:00,Guillermo Pacheco,Cruz Azul,Necaxa,3,0,6,4,10,0,0,0,
1206097,2024-10-06 01:05:00+00:00,Fernando Hernández,Guadalajara Chivas,Atlas,2,3,8,6,14,3,3,6,
1206098,2024-10-06 03:00:00+00:00,César Ramos,León,Club America,1,1,4,4,8,3,6,9,
1206099,2024-10-06 01:00:00+00:00,Adonai Escobedo,Toluca,U.N.A.M. - Pumas,1,1,5,5,10,3,1,4,
1206101,2024-10-07 02:05:00+00:00,Ismael López,Santos Laguna,FC Juarez,0,2,6,8,14,3,4,7,
1206102,2024-10-19 01:00:00+00:00,Daniel Quintero,Atlas,Mazatlán,0,0,5,6,11,2,3,5,
1206103,2024-10-19 01:00:00+00:00,Maximiliano Quintero,Club Queretaro,Toluca,0,1,8,4,12,2,1,3,
1206104,2024-10-19 03:00:00+00:00,Adonai Escobedo,Necaxa,Club Tijuana,1,2,9,0,9,3,2,5,
1206105,2024-10-19 03:05:00+00:00,Mario Terrazas,Puebla,Cruz Azul,1,2,1,9,10,1,3,4,
1206106,2024-10-19 23:00:00+00:00,César Ramos,CF Pachuca,Guadalajara Chivas,0,2,14,6,20,2,3,5,
1206107,2024-10-20 01:06:00+00:00,Victor Cáceres,FC Juarez,León,2,3,10,4,14,0,0,0,
1206108,2024-10-20 01:05:00+00:00,Jesus López,Club America,Santos Laguna,3,0,8,2,10,1,5,6,
1206109,2024-10-20 03:10:00+00:00,Oscar Mejía,Monterrey,Tigres UANL,4,2,4,4,8,1,0,1,
1206110,2024-10-20 18:00:00+00:00,Guillermo Pacheco,U.N.A.M. - Pumas,Atletico San Luis,3,0,7,3,10,3,1,4,
1206111,2024-10-23 01:05:00+00:00,Victor Cáceres,Guadalajara Chivas,Necaxa,3,2,8,2,10,1,0,1,
1206112,2024-10-23 01:00:00+00:00,Daniel Quintero,Santos Laguna,CF Pachuca,1,1,5,8,13,4,3,7,
1206113,2024-10-23 03:06:00+00:00,César Ramos,Mazatlán,Tigres UANL,2,0,4,10,14,4,0,4,
1206114,2024-10-23 03:05:00+00:00,Jorge Camacho,Toluca,Puebla,5,0,5,3,8,2,0,2,
1206116,2024-10-24 01:00:00+00:00,Vicente Arce,Cruz Azul,FC Juarez,4,0,5,0,5,1,1,2,
1206117,2024-10-24 01:00:00+00:00,Adonai Escobedo,Monterrey,U.N.A.M. - Pumas,0,0,4,2,6,0,0,0,
1206118,2024-10-24 03:00:00+00:00,Oscar Mejía,León,Atlas,0,0,8,8,16,0,0,0,
1206119,2024-10-24 03:05:00+00:00,Fernando Hernández,Club Tijuana,Club America,2,2,5,3,8,0,3,3,
1206120,2024-10-26 01:00:00+00:00,Jorge Camacho,Santos Laguna,Mazatlán,0,0,1,7,8,2,1,3,
1206121,2024-10-26 03:00:00+00:00,Ismael López,Puebla,Guadalajara Chivas,1,0,3,7,10,1,0,1,
1206122,2024-10-26 23:00:00+00:00,Adonai Escobedo,León,Club Queretaro,4,0,3,4,7,2,0,2,
1206123,2024-10-27 01:00:00+00:00,César Ramos,U.N.A.M. - Pumas,Cruz Azul,0,2,2,7,9,2,2,4,
1206124,2024-10-27 03:00:00+00:00,Victor Cáceres,Tigres UANL,CF Pachuca,2,1,2,7,9,5,2,7,
1206125,2024-10-27 03:05:00+00:00,Katia García,Atlas,Club Tijuana,0,0,5,8,13,1,0,1,
1206126,2024-10-28 00:00:00+00:00,Fernando Guerrero,Necaxa,Toluca,1,3,13,3,16,1,0,1,
1206127,2024-10-28 00:06:00+00:00,Marco Ortíz,FC Juarez,Atletico San Luis,2,4,4,3,7,1,1,2,
1206128,2024-10-28 02:05:00+00:00,Daniel Quintero,Club America,Monterrey,2,1,6,6,12,1,3,4,
1206129,2024-11-02 01:00:00+00:00,César Ramos,Club Queretaro,FC Juarez,1,2,7,5,12,4,5,9,
1206130,2024-11-02 03:00:00+00:00,Adonai Escobedo,Mazatlán,Club America,0,5,7,3,10,1,0,1,
1206131,2024-11-02 03:05:00+00:00,Fernando Guerrero,Club Tijuana,Tigres UANL,0,3,10,6,16,1,3,4,
1206132,2024-11-02 23:00:00+00:00,Oscar Mejía,Atletico San Luis,Puebla,2,0,8,7,15,3,2,5,
1206133,2024-11-02 23:00:00+00:00,Guillermo Pacheco,Toluca,León,2,2,4,6,10,7,2,9,
1206134,2024-11-03 01:05:00+00:00,Marco Ortíz,Guadalajara Chivas,U.N.A.M. - Pumas,0,0,5,4,9,0,0,0,
1206135,2024-11-03 01:05:00+00:00,Fernando Hernández,Monterrey,Atlas,4,0,6,5,11,2,2,4,
1206136,2024-11-03 03:06:00+00:00,Ismael López,CF Pachuca,Necaxa,6,2,3,5,8,1,2,3,
1206137,2024-11-03 03:10:00+00:00,Karen Hernández,Cruz Azul,Santos Laguna,2,0,7,2,9,1,4,5,
1206138,2024-11-06 01:00:00+00:00,Fernando Hernández,León,Mazatlán,0,0,6,4,10,2,3,5,
1206139,2024-11-06 03:05:00+00:00,Daniel Quintero,U.N.A.M. - Pumas,Club Queretaro,2,0,8,1,9,1,5,6,
1206141,2024-11-06 01:00:00+00:00,Ismael López,Santos Laguna,Guadalajara Chivas,0,2,7,4,11,4,2,6,
1206142,2024-11-07 01:00:00+00:00,Marco Ortíz,Tigres UANL,Toluca,2,1,6,3,9,0,1,1,
1206143,2024-11-07 01:00:00+00:00,Jesus López,Necaxa,Atletico San Luis,1,1,2,5,7,2,2,4,
1206144,2024-11-07 01:00:00+00:00,Fernando Guerrero,Club America,CF Pachuca,2,1,4,4,8,1,3,4,
1206145,2024-11-07 03:06:00+00:00,Oscar Mejía,FC Juarez,Club Tijuana,1,1,5,3,8,1,1,2,
1206146,2024-11-07 03:05:00+00:00,Victor Cáceres,Atlas,Cruz Azul,2,2,8,5,13,2,2,4,
1206147,2024-11-09 01:00:00+00:00,Oscar Macías,Club Queretaro,Santos Laguna,3,2,6,7,13,4,4,8,
1206148,2024-11-09 03:00:00+00:00,Erick Miranda,Mazatlán,U.N.A.M. - Pumas,0,1,4,6,10,1,3,4,
1206149,2024-11-09 23:05:00+00:00,Daniel Quintero,Guadalajara Chivas,Atletico San Luis,0,1,6,3,9,2,4,6,
1206150,2024-11-10 01:00:00+00:00,Jorge Camacho,CF Pachuca,FC Juarez,0,1,6,6,12,2,2,4,
1206151,2024-11-10 01:00:00+00:00,Victor Cáceres,Toluca,Club America,4,0,4,5,9,1,0,1,
1206152,2024-11-10 03:05:00+00:00,Adonai Escobedo,Cruz Azul,Tigres UANL,1,1,4,1,5,3,1,4,
1206153,2024-11-10 23:00:00+00:00,Marco Ortíz,Necaxa,Atlas,0,0,4,7,11,2,1,3,
1206154,2024-11-11 01:05:00+00:00,César Ramos,Monterrey,León,2,1,7,8,15,4,7,11,
1206155,2024-11-11 03:10:00+00:00,Ismael López,Club Tijuana,Puebla,2,1,14,2,16,4,9,13,
1315388,2024-11-22 01:05:00+00:00,César Ramos,Guadalajara Chivas,Atlas,1,2,2,4,6,7,6,13,
1316504,2024-11-25 03:00:00+00:00,Victor Cáceres,Club Tijuana,Atlas,3,0,6,3,9,1,1,2,
1316502,2024-11-28 01:00:00+00:00,Oscar Mejía,Club America,Toluca,2,0,4,2,6,0,1,1,
1316646,2024-11-28 03:10:00+00:00,Fernando Hernández,Club Tijuana,Cruz Azul,3,0,7,3,10,0,2,2,
1315383,2024-11-29 01:00:00+00:00,Jesus López,Atletico San Luis,Tigres UANL,3,0,2,11,13,0,2,2,
1315385,2024-11-29 03:10:00+00:00,Daniel Quintero,Monterrey,U.N.A.M. - Pumas,1,0,4,2,6,2,5,7,
1316503,2024-11-30 23:00:00+00:00,César Ramos,Toluca,Club America,0,2,4,2,6,4,2,6,
1315386,2024-12-01 18:00:00+00:00,Marco Ortíz,U.N.A.M. - Pumas,Monterrey,3,5,8,3,11,4,3,7,
1316647,2024-12-01 01:10:00+00:00,Victor Cáceres,Cruz Azul,Club Tijuana,3,0,10,2,12,1,1,2,
1315384,2024-12-02 01:00:00+00:00,Adonai Escobedo,Tigres UANL,Atletico San Luis,0,0,6,1,7,1,2,3,
1318623,2024-12-05 03:00:00+00:00,Fernando Hernández,Atletico San Luis,Monterrey,2,1,5,3,8,0,0,0,
1318625,2024-12-06 02:00:00+00:00,Oscar Mejía,Club America,Cruz Azul,0,0,6,7,13,0,1,1,
1318624,2024-12-08 02:00:00+00:00,Marco Ortíz,Monterrey,Atletico San Luis,5,1,9,2,11,0,2,2,
1318626,2024-12-09 01:00:00+00:00,Adonai Escobedo,Cruz Azul,Club America,3,4,6,1,7,6,5,11,
1320866,2024-12-13 02:00:00+00:00,Victor Cáceres,Club America,Monterrey,2,1,8,5,13,2,1,3,
1320867,2024-12-16 01:00:00+00:00,César Ramos,Monterrey,Club America,1,1,8,5,13,1,1,2,
1323483,2025-01-11 01:00:00+00:00,Jesus López,Club Queretaro,Club America,0,1,1,6,7,4,1,5,
1323484,2025-01-11 03:05:00+00:00,Jorge Camacho,Club Tijuana,Toluca,2,4,2,5,7,1,3,4,
1323485,2025-01-11 03:00:00+00:00,Fernando Hernández,Mazatlán,FC Juarez,1,1,6,6,12,4,1,5,
1323486,2025-01-11 23:00:00+00:00,Guillermo Pacheco,Atletico San Luis,Tigres UANL,1,3,6,5,11,2,1,3,
1323488,2025-01-12 01:05:00+00:00,Daniel Quintero,Guadalajara Chivas,Santos Laguna,1,0,5,4,9,1,4,5,
1323489,2025-01-12 03:05:00+00:00,Maximiliano Quintero,Cruz Azul,Atlas,1,1,8,4,12,1,1,2,
1323786,2025-01-12 18:00:00+00:00,Ismael López,U.N.A.M. - Pumas,Necaxa,2,1,6,2,8,3,0,3,
1323487,2025-01-13 01:00:00+00:00,Luis García,Monterrey,Puebla,1,1,10,1,11,0,3,3,
1323491,2025-01-17 02:10:00+00:00,Katia García,Club America,Club Tijuana,1,1,6,0,6,1,3,4,
1323492,2025-01-18 01:00:00+00:00,Abraham Quirarte,Puebla,Atletico San Luis,1,2,3,4,7,2,2,4,
1323493,2025-01-18 01:00:00+00:00,Oscar Mejía,Tigres UANL,Mazatlán,2,1,6,5,11,3,6,9,
1323494,2025-01-18 03:05:00+00:00,Salvador Pérez Villalobos,Necaxa,Guadalajara Chivas,3,2,5,6,11,4,3,7,
1323496,2025-01-18 23:00:00+00:00,Ismael López,FC Juarez,Cruz Azul,1,0,0,6,6,4,3,7,
1323495,2025-01-19 01:00:00+00:00,Fernando Guerrero,Toluca,Monterrey,1,1,5,6,11,1,1,2,
1323497,2025-01-19 03:00:00+00:00,César Ramos,Atlas,León,1,2,10,4,14,1,1,2,
1323787,2025-01-19 23:00:00+00:00,Adonai Escobedo,Club Queretaro,U.N.A.M. - Pumas,3,2,1,6,7,7,2,9,
1323498,2025-01-21 01:00:00+00:00,Vicente Arce,CF Pachuca,Santos Laguna,2,1,6,4,10,2,4,6,
1323499,2025-01-25 01:00:00+00:00,Victor Cáceres,Atletico San Luis,Necaxa,0,3,4,5,9,0,0,0,
1323500,2025-01-25 03:00:00+00:00,Karen Hernández,Club Tijuana,Club Queretaro,2,1,9,5,14,2,4,6,
1323501,2025-01-25 03:00:00+00:00,Adonai Escobedo,Mazatlán,Toluca,2,1,2,3,5,1,4,5,
1323502,2025-01-25 23:00:00+00:00,Mario Terrazas,León,FC Juarez,1,0,9,6,15,1,3,4,
1323503,2025-01-25 23:00:00+00:00,Jorge Camacho,Cruz Azul,Puebla,1,1,4,1,5,3,2,5,
1323504,2025-01-26 03:10:00+00:00,Guillermo Pacheco,Monterrey,CF Pachuca,2,3,13,1,14,0,1,1,
1323505,2025-01-26 01:05:00+00:00,Jesus López,Guadalajara Chivas,Tigres UANL,1,1,6,5,11,1,0,1,
1323506,2025-01-26 01:05:00+00:00,Fernando Hernández,Santos Laguna,Club America,1,4,7,4,11,3,1,4,
1323507,2025-01-26 18:00:00+00:00,Martin Molina,U.N.A.M. - Pumas,Atlas,0,0,6,0,6,4,1,5,
1323508,2025-01-29 01:00:00+00:00,Jorge Camacho,Club America,Atletico San Luis,3,0,3,4,7,0,1,1,
1323509,2025-01-29 01:00:00+00:00,Daniel Quintero,Puebla,Mazatlán,0,1,10,0,10,1,6,7,
1323510,2025-01-29 03:00:00+00:00,Oscar Mejía,León,Guadalajara Chivas,2,1,3,5,8,1,2,3,
1323511,2025-01-29 03:05:00+00:00,Luis García,Necaxa,Cruz Azul,1,3,2,6,8,0,3,3,
1323512,2025-01-29 03:00:00+00:00,Ismael López,Tigres UANL,Club Tijuana,4,0,7,3,10,1,4,5,
1323513,2025-01-30 01:00:00+00:00,Maximiliano Quintero,Atlas,Monterrey,3,3,3,6,9,1,3,4,
1323514,2025-01-30 01:00:00+00:00,Salvador Pérez Villalobos,Club Queretaro,CF Pachuca,0,1,5,8,13,2,2,4,
1323515,2025-01-30 03:05:00+00:00,Oscar Macías,U.N.A.M. - Pumas,Toluca,1,1,4,5,9,4,1,5,
1323516,2025-01-30 03:00:00+00:00,Abraham Quirarte,FC Juarez,Santos Laguna,1,0,7,3,10,1,2,3,
1323517,2025-02-01 01:00:00+00:00,Luis Santander,Mazatlán,León,1,2,5,2,7,5,4,9,
1323518,2025-02-01 03:05:00+00:00,Mario Terrazas,Club Tijuana,Cruz Azul,2,3,3,5,8,2,5,7,
1323519,2025-02-01 23:00:00+00:00,César Ramos,Club America,FC Juarez,4,0,2,5,7,0,1,1,
1323520,2025-02-01 23:05:00+00:00,Ismael López,Guadalajara Chivas,Club Queretaro,1,1,6,6,12,8,4,12,
1323521,2025-02-02 01:00:00+00:00,Jesus López,CF Pachuca,Atlas,0,0,6,2,8,2,4,6,
1323522,2025-02-02 01:05:00+00:00,Marco Ortíz,Monterrey,Necaxa,1,0,5,11,16,2,3,5,
1323523,2025-02-02 03:15:00+00:00,Fernando Hernández,Toluca,Tigres UANL,1,0,3,7,10,3,4,7,
1323524,2025-02-02 23:00:00+00:00,Victor Cáceres,Santos Laguna,Puebla,0,2,3,4,7,0,3,3,
1323525,2025-02-03 01:00:00+00:00,Daniel Quintero,Atletico San Luis,U.N.A.M. - Pumas,2,3,6,1,7,3,5,8,
1323490,2025-02-06 03:10:00+00:00,Adonai Escobedo,CF Pachuca,León,1,2,9,3,12,6,3,9,
1323526,2025-02-08 01:00:00+00:00,Vicente Arce,Club Queretaro,Atletico San Luis,1,0,5,3,8,1,2,3,
1323527,2025-02-08 03:00:00+00:00,Ismael López,Puebla,Club America,1,2,3,10,13,8,2,10,
1323528,2025-02-08 01:00:00+00:00,Daniel Quintero,Necaxa,Santos Laguna,3,2,8,6,14,1,1,2,
1323529,2025-02-09 01:00:00+00:00,Marco Ortíz,León,Toluca,3,3,1,5,6,3,2,5,
1323530,2025-02-09 01:00:00+00:00,Adonai Escobedo,Tigres UANL,Atlas,2,1,4,3,7,2,3,5,
1323531,2025-02-09 03:00:00+00:00,Luis Santander,FC Juarez,Monterrey,2,1,5,3,8,5,3,8,
1323532,2025-02-09 03:05:00+00:00,César Ramos,Cruz Azul,CF Pachuca,2,1,12,7,19,3,4,7,
1323533,2025-02-10 03:05:00+00:00,Fernando Hernández,Guadalajara Chivas,Club Tijuana,2,1,7,5,12,2,5,7,
1323788,2025-02-10 00:00:00+00:00,Victor Cáceres,U.N.A.M. - Pumas,Mazatlán,1,0,3,5,8,5,4,9,
1323534,2025-02-15 03:00:00+00:00,Guillermo Pacheco,Club Tijuana,FC Juarez,1,2,5,4,9,2,1,3,
1323535,2025-02-15 03:00:00+00:00,Marco Ortíz,Mazatlán,Santos Laguna,1,1,11,8,19,5,2,7,
1323536,2025-02-15 23:00:00+00:00,Luis Santander,Atlas,Puebla,3,2,7,3,10,3,3,6,
1323537,2025-02-15 03:00:00+00:00,Oscar Mejía,Club America,Necaxa,2,3,7,3,10,4,1,5,
1323538,2025-02-16 01:00:00+00:00,Victor Cáceres,Tigres UANL,Cruz Azul,2,1,6,5,11,6,5,11,
1323539,2025-02-16 03:10:00+00:00,Jesus López,Toluca,Guadalajara Chivas,2,1,5,5,10,1,0,1,
1323540,2025-02-16 23:00:00+00:00,Fernando Hernández,Club Queretaro,Monterrey,2,4,5,3,8,3,2,5,
1323541,2025-02-17 01:00:00+00:00,Maximiliano Quintero,Atletico San Luis,León,1,2,6,3,9,1,2,3,
1323789,2025-02-17 01:05:00+00:00,Katia García,CF Pachuca,U.N.A.M. - Pumas,2,1,14,5,19,2,0,2,
1323551,2025-02-19 03:10:00+00:00,Victor Cáceres,Atlas,Necaxa,0,4,8,3,11,3,3,6,
1323550,2025-02-20 03:05:00+00:00,Jesus López,Santos Laguna,Cruz Azul,0,1,7,10,17,2,3,5,
1323552,2025-02-20 01:00:00+00:00,César Ramos,Club America,León,1,1,2,2,4,1,4,5,
1323542,2025-02-22 01:00:00+00:00,Ismael López,Necaxa,Mazatlán,3,1,10,4,14,1,3,4,
1323543,2025-02-22 03:00:00+00:00,Marco Ortíz,Puebla,Club Tijuana,2,0,3,5,8,2,4,6,
1323547,2025-02-22 23:00:00+00:00,Adonai Escobedo,FC Juarez,Toluca,0,4,5,2,7,4,2,6,
1323544,2025-02-23 01:00:00+00:00,Oscar Mejía,León,Tigres UANL,1,0,4,3,7,2,3,5,
1323545,2025-02-23 01:00:00+00:00,Daniel Quintero,Monterrey,Atletico San Luis,3,1,6,6,12,0,2,2,
1323546,2025-02-23 01:05:00+00:00,Guillermo Pacheco,Guadalajara Chivas,CF Pachuca,2,1,2,11,13,6,4,10,
1323548,2025-02-23 23:00:00+00:00,Maximiliano Quintero,Santos Laguna,Atlas,2,0,6,6,12,2,2,4,
1323790,2025-02-23 03:05:00+00:00,Fernando Hernández,U.N.A.M. - Pumas,Club America,0,2,4,6,10,5,0,5,
1323549,2025-02-24 01:05:00+00:00,Jorge Camacho,Cruz Azul,Club Queretaro,1,0,11,2,13,1,1,2,
1323553,2025-02-26 01:00:00+00:00,Daniel Quintero,Tigres UANL,FC Juarez,0,1,11,1,12,4,5,9,
1323554,2025-02-26 03:00:00+00:00,Abraham Quirarte,Mazatlán,Monterrey,1,0,1,8,9,4,2,6,
1323791,2025-02-26 03:00:00+00:00,Salvador Pérez Villalobos,Club Tijuana,U.N.A.M. - Pumas,4,2,2,11,13,3,1,4,
1323555,2025-02-27 01:00:00+00:00,Mario Terrazas,CF Pachuca,Puebla,2,1,7,2,9,1,4,5,
1323556,2025-02-27 03:00:00+00:00,Martin Molina,Toluca,Club Queretaro,5,0,9,4,13,0,3,3,
1323557,2025-02-27 03:05:00+00:00,Ismael López,Atletico San Luis,Guadalajara Chivas,3,1,2,8,10,2,2,4,
1323558,2025-03-01 03:00:00+00:00,Luis García,Mazatlán,Cruz Azul,1,1,4,2,6,2,4,6,
1323560,2025-03-01 23:00:00+00:00,Jesus López,Club America,Toluca,3,0,4,11,15,2,1,3,
1323562,2025-03-01 23:00:00+00:00,Luis Santander,FC Juarez,CF Pachuca,2,2,2,7,9,2,6,8,
1323559,2025-03-02 01:00:00+00:00,Guillermo Pacheco,Necaxa,Tigres UANL,1,2,5,6,11,2,0,2,
1323561,2025-03-02 01:00:00+00:00,Ismael López,León,Club Tijuana,2,1,6,2,8,1,1,2,
1323563,2025-03-02 22:00:00+00:00,César Ramos,Club Queretaro,Puebla,2,0,4,6,10,3,1,4,
1323792,2025-03-02 03:10:00+00:00,Daniel Quintero,U.N.A.M. - Pumas,Guadalajara Chivas,0,1,7,12,19,3,1,4,
1323564,2025-03-03 00:00:00+00:00,Jorge Camacho,Atlas,Atletico San Luis,3,1,5,3,8,0,1,1,
1323565,2025-03-03 02:05:00+00:00,Adonai Escobedo,Monterrey,Santos Laguna,4,2,7,4,11,0,2,2,
1323566,2025-03-08 01:00:00+00:00,Marco Ortíz,Atletico San Luis,FC Juarez,1,0,6,3,9,1,3,4,
1323567,2025-03-08 01:00:00+00:00,Ismael López,Tigres UANL,Club Queretaro,1,0,5,7,12,1,1,2,
1323568,2025-03-08 03:00:00+00:00,Victor Cáceres,Puebla,U.N.A.M. - Pumas,1,3,8,6,14,6,3,9,
1323569,2025-03-08 23:00:00+00:00,Katia García,Toluca,Necaxa,5,2,5,2,7,4,5,9,
1323570,2025-03-09 01:05:00+00:00,Oscar Mejía,Cruz Azul,Monterrey,1,1,5,6,11,3,2,5,
1323571,2025-03-09 01:00:00+00:00,Maximiliano Quintero,CF Pachuca,Mazatlán,1,1,6,1,7,2,3,5,
1323572,2025-03-09 03:05:00+00:00,Adonai Escobedo,Guadalajara Chivas,Club America,0,0,4,5,9,5,1,6,
1323573,2025-03-09 23:00:00+00:00,Guillermo Pacheco,Santos Laguna,León,2,1,3,3,6,4,5,9,
1323574,2025-03-10 03:00:00+00:00,Fernando Hernández,Club Tijuana,Atlas,3,4,6,9,15,4,2,6,
1323575,2025-03-15 01:00:00+00:00,Luis Santander,Club Queretaro,Mazatlán,1,0,2,14,16,5,7,12,
1323576,2025-03-15 01:00:00+00:00,Marco Ortíz,Necaxa,León,2,1,3,8,11,4,1,5,
1323577,2025-03-15 03:05:00+00:00,Salvador Pérez Villalobos,Puebla,Toluca,0,3,3,6,9,3,1,4,
1323578,2025-03-15 23:00:00+00:00,César Ramos,Tigres UANL,Santos Laguna,3,0,9,0,9,0,1,1,
1323579,2025-03-16 01:00:00+00:00,Victor Cáceres,Cruz Azul,Atletico San Luis,3,0,11,9,20,1,0,1,
1323580,2025-03-16 01:10:00+00:00,Fernando Hernández,FC Juarez,Guadalajara Chivas,1,1,4,3,7,3,1,4,
1323581,2025-03-16 03:05:00+00:00,Oscar Mejía,Atlas,Club America,1,3,8,5,13,6,1,7,
1323582,2025-03-17 02:00:00+00:00,Jorge Camacho,CF Pachuca,Club Tijuana,4,1,8,4,12,3,2,5,
1323793,2025-03-17 00:00:00+00:00,Ismael López,U.N.A.M. - Pumas,Monterrey,1,3,6,3,9,1,4,5,
1323583,2025-03-29 01:00:00+00:00,Abraham Quirarte,Necaxa,Club Queretaro,2,0,8,6,14,3,1,4,
1323584,2025-03-29 23:00:00+00:00,Daniel Quintero,FC Juarez,Puebla,2,0,3,7,10,2,1,3,
1323585,2025-03-29 03:10:00+00:00,César Ramos,Mazatlán,Atlas,3,2,5,7,12,3,5,8,
1323586,2025-03-29 23:00:00+00:00,Marco Ortíz,Toluca,CF Pachuca,3,2,4,1,5,3,1,4,
1323587,2025-03-30 01:05:00+00:00,Victor Cáceres,Club America,Tigres UANL,3,0,4,8,12,5,2,7,
1323588,2025-03-30 03:15:00+00:00,Luis Santander,Monterrey,Club Tijuana,1,2,4,1,5,2,5,7,
1323589,2025-03-30 03:05:00+00:00,Jesus López,Guadalajara Chivas,Cruz Azul,0,1,10,4,14,2,2,4,
1323590,2025-03-30 23:00:00+00:00,Katia García,Santos Laguna,Atletico San Luis,2,3,7,3,10,0,2,2,
1323794,2025-03-31 01:05:00+00:00,Adonai Escobedo,León,U.N.A.M. - Pumas,1,2,3,3,6,2,3,5,
1323591,2025-04-05 01:00:00+00:00,Maximiliano Quintero,Club Queretaro,León,1,1,3,5,8,2,3,5,
1323592,2025-04-05 03:00:00+00:00,Oscar Mejía,Club Tijuana,Necaxa,1,2,12,3,15,1,2,3,
1323593,2025-04-05 03:05:00+00:00,Jorge Camacho,Puebla,Tigres UANL,0,0,1,9,10,4,2,6,
1323594,2025-04-05 23:00:00+00:00,Adonai Escobedo,Atlas,FC Juarez,1,1,0,4,4,3,2,5,
1323595,2025-04-05 23:00:00+00:00,Fernando Hernández,CF Pachuca,Club America,1,0,0,0,0,0,0,0,
1323596,2025-04-06 01:05:00+00:00,Guillermo Pacheco,Monterrey,Guadalajara Chivas,3,1,4,4,8,1,5,6,
1323597,2025-04-06 03:10:00+00:00,Daniel Quintero,Cruz Azul,U.N.A.M. - Pumas,3,2,2,2,4,2,3,5,
1323599,2025-04-06 01:00:00+00:00,Jesus López,Atletico San Luis,Mazatlán,2,1,4,3,7,2,2,4,
1323598,2025-04-07 00:00:00+00:00,Luis Santander,Toluca,Santos Laguna,2,1,1,4,5,2,3,5,
1323608,2025-04-11 02:05:00+00:00,Mario Terrazas,Club Tijuana,Atletico San Luis,2,1,5,7,12,1,1,2,
1323600,2025-04-12 01:00:00+00:00,Jesus López,Necaxa,CF Pachuca,3,5,8,4,12,3,2,5,
1323601,2025-04-12 03:05:00+00:00,Fernando Hernández,Mazatlán,Guadalajara Chivas,1,1,11,2,13,4,13,17,
1323602,2025-04-12 23:00:00+00:00,Guillermo Pacheco,U.N.A.M. - Pumas,FC Juarez,0,0,3,3,6,1,2,3,
1323603,2025-04-12 23:00:00+00:00,Luis Santander,León,Puebla,1,0,4,4,8,3,6,9,
1323604,2025-04-13 01:05:00+00:00,Daniel Quintero,Atlas,Toluca,2,3,7,4,11,5,3,8,
1323605,2025-04-13 01:00:00+00:00,Marco Ortíz,Tigres UANL,Monterrey,2,1,5,5,10,6,8,14,
1323606,2025-04-13 03:15:00+00:00,César Ramos,Club America,Cruz Azul,0,0,9,0,9,0,1,1,
1323607,2025-04-13 23:00:00+00:00,Victor Cáceres,Santos Laguna,Club Queretaro,1,2,10,6,16,3,1,4,
1323609,2025-04-16 01:00:00+00:00,César Ramos,CF Pachuca,Tigres UANL,0,0,9,6,15,1,2,3,
1323610,2025-04-16 01:05:00+00:00,Katia García,Guadalajara Chivas,Puebla,1,0,4,7,11,1,2,3,
1323611,2025-04-16 03:05:00+00:00,Oscar Mejía,Cruz Azul,León,2,1,4,4,8,1,6,7,
1323612,2025-04-16 03:00:00+00:00,Jorge Camacho,FC Juarez,Necaxa,2,2,2,3,5,3,3,6,
1323613,2025-04-17 02:00:00+00:00,Maximiliano Quintero,Atletico San Luis,Toluca,0,1,11,7,18,1,1,2,
1323614,2025-04-17 01:00:00+00:00,Marco Ortíz,Club Queretaro,Atlas,1,2,9,1,10,4,3,7,
1323615,2025-04-17 01:00:00+00:00,Daniel Quintero,Monterrey,Club America,1,0,7,8,15,3,2,5,
1323616,2025-04-17 03:00:00+00:00,Victor Cáceres,Mazatlán,Club Tijuana,0,2,4,4,8,4,3,7,
1323795,2025-04-17 03:05:00+00:00,Adonai Escobedo,U.N.A.M. - Pumas,Santos Laguna,2,0,6,4,10,0,2,2,
1323617,2025-04-19 01:00:00+00:00,Guillermo Pacheco,Puebla,Necaxa,0,1,3,2,5,2,1,3,
1323618,2025-04-19 23:00:00+00:00,Katia García,Club America,Mazatlán,5,0,8,4,12,0,4,4,
1323620,2025-04-20 01:05:00+00:00,Luis Santander,Toluca,Cruz Azul,2,2,3,6,9,2,3,5,
1323621,2025-04-20 03:15:00+00:00,Victor Cáceres,Atlas,Guadalajara Chivas,1,1,4,5,9,4,5,9,
1323622,2025-04-20 23:00:00+00:00,Marco Ortíz,Santos Laguna,Club Tijuana,0,4,4,4,8,1,1,2,
1323796,2025-04-20 03:00:00+00:00,César Ramos,Tigres UANL,U.N.A.M. - Pumas,2,1,5,1,6,3,1,4,
1323619,2025-04-21 03:00:00+00:00,Daniel Quintero,FC Juarez,Club Queretaro,0,2,4,1,5,3,0,3,
1323623,2025-04-21 01:05:00+00:00,Adonai Escobedo,León,Monterrey,0,2,4,4,8,5,3,8,
1323624,2025-04-21 01:00:00+00:00,Abraham Quirarte,Atletico San Luis,CF Pachuca,2,1,4,7,11,1,4,5,
1372469,2025-04-28 01:30:00+00:00,Luis Santander,Monterrey,CF Pachuca,1,2,5,8,13,2,0,2,
1373369,2025-05-05 01:30:00+00:00,Adonai Escobedo,Monterrey,U.N.A.M. - Pumas,2,0,3,0,3,3,6,9,
1373367,2025-05-08 03:10:00+00:00,Jesus López,CF Pachuca,Club America,0,0,5,3,8,3,3,6,
1374342,2025-05-08 01:00:00+00:00,Guillermo Pacheco,Monterrey,Toluca,3,2,1,2,3,3,2,5,
1372465,2025-05-09 03:10:00+00:00,César Ramos,León,Cruz Azul,2,3,3,0,3,4,3,7,
1372467,2025-05-09 01:00:00+00:00,Oscar Mejía,Necaxa,Tigres UANL,0,0,10,1,11,2,2,4,
1373368,2025-05-11 03:10:00+00:00,Daniel Quintero,Club America,CF Pachuca,2,0,4,6,10,2,7,9,
1374343,2025-05-11 01:00:00+00:00,Fernando Hernández,Toluca,Monterrey,2,1,5,6,11,7,3,10,
1372466,2025-05-12 01:00:00+00:00,Victor Cáceres,Cruz Azul,León,2,1,5,6,11,1,1,2,
1372468,2025-05-12 03:10:00+00:00,Marco Ortíz,Tigres UANL,Necaxa,2,2,5,8,13,1,1,2,
1375216,2025-05-15 03:00:00+00:00,Adonai Escobedo,Tigres UANL,Toluca,1,1,5,8,13,2,1,3,
1375218,2025-05-16 02:00:00+00:00,Luis Santander,Cruz Azul,Club America,1,0,5,6,11,2,1,3,
1375217,2025-05-18 01:00:00+00:00,Fernando Hernández,Toluca,Tigres UANL,3,0,2,5,7,3,2,5,
1375219,2025-05-19 01:15:00+00:00,Victor Cáceres,Club America,Cruz Azul,2,1,4,3,7,1,2,3,
1375860,2025-05-23 02:00:00+00:00,Daniel Quintero,Club America,Toluca,0,0,2,2,4,2,2,4,
1375861,2025-05-26 01:00:00+00:00,César Ramos,Toluca,Club America,2,0,4,1,5,2,1,3,
1375862,2025-07-12 01:00:00+00:00,Mario Terrazas,Puebla,Atlas,2,3,4,3,7,4,2,6,
1375863,2025-07-12 03:00:00+00:00,Ismael López,FC Juarez,Club America,1,1,3,4,7,2,2,4,
1375864,2025-07-12 03:05:00+00:00,Vicente Arce,Club Tijuana,Club Queretaro,1,0,6,3,9,1,1,2,
1375865,2025-07-13 01:00:00+00:00,Fernando Hernández,Toluca,Necaxa,3,1,7,4,11,2,2,4,
1375866,2025-07-13 01:00:00+00:00,Yonatan Peinado,Santos Laguna,U.N.A.M. - Pumas,3,0,1,5,6,2,5,7,
1375867,2025-07-13 03:05:00+00:00,Maximiliano Quintero,Cruz Azul,Mazatlán,0,0,12,2,14,2,4,6,
1375868,2025-07-13 23:00:00+00:00,Victor Cáceres,CF Pachuca,Monterrey,3,0,3,7,10,3,3,6,
1375869,2025-07-14 01:00:00+00:00,Abraham Quirarte,León,Atletico San Luis,0,1,4,6,10,3,3,6,
1375870,2025-07-17 01:00:00+00:00,Marco Ortíz,Club America,Club Tijuana,3,1,8,1,9,3,0,3,
1375871,2025-07-17 03:05:00+00:00,Salvador Pérez Villalobos,Santos Laguna,Toluca,2,4,5,4,9,5,4,9,
1375872,2025-07-19 01:00:00+00:00,Martin Molina,Necaxa,Club Queretaro,3,1,3,2,5,2,0,2,
1375873,2025-07-19 03:00:00+00:00,Joaquin Vizcarra,Atletico San Luis,Monterrey,0,1,5,3,8,2,2,4,
1375874,2025-07-19 03:05:00+00:00,Katia García,Mazatlán,Puebla,2,1,3,4,7,3,3,6,
1375875,2025-07-20 01:00:00+00:00,Ivan López,Tigres UANL,FC Juarez,1,0,5,2,7,0,1,1,
1375876,2025-07-20 01:00:00+00:00,Adonai Escobedo,León,Guadalajara Chivas,1,0,5,4,9,1,0,1,
1375877,2025-07-20 03:05:00+00:00,Luis Santander,Atlas,Cruz Azul,3,3,4,11,15,2,2,4,
1375878,2025-07-20 18:00:00+00:00,Luis García,U.N.A.M. - Pumas,CF Pachuca,2,3,4,1,5,3,1,4,
1375879,2025-07-26 01:00:00+00:00,Mario Terrazas,Club Queretaro,U.N.A.M. - Pumas,0,2,4,3,7,3,5,8,
1375880,2025-07-26 01:00:00+00:00,Jorge Camacho,Puebla,Santos Laguna,1,0,6,2,8,1,3,4,
1375881,2025-07-26 03:00:00+00:00,Joaquin Vizcarra,Club Tijuana,FC Juarez,1,1,4,5,9,5,4,9,
1375882,2025-07-27 03:00:00+00:00,Karen Hernández,CF Pachuca,Mazatlán,1,0,8,2,10,1,3,4,
1375883,2025-07-26 23:05:00+00:00,César Ramos,Guadalajara Chivas,Atletico San Luis,4,3,10,6,16,3,3,6,
1375884,2025-07-27 01:00:00+00:00,Fernando Hernández,Monterrey,Atlas,3,1,9,4,13,5,4,9,
1375885,2025-07-27 01:00:00+00:00,Marco Ortíz,Toluca,Tigres UANL,3,4,7,0,7,5,3,8,
1375886,2025-07-27 01:00:00+00:00,Daniel Quintero,Cruz Azul,León,4,1,8,1,9,1,2,3,
1375887,2025-07-27 03:05:00+00:00,Jesus López,Necaxa,Club America,1,1,7,4,11,3,3,6,
1375888,2025-08-09 03:00:00+00:00,Yonatan Peinado,Tigres UANL,Puebla,7,0,3,4,7,1,4,5,
1375889,2025-08-10 01:00:00+00:00,Adonai Escobedo,Club America,Club Queretaro,1,0,10,4,14,1,4,5,
1375890,2025-08-10 03:00:00+00:00,Maximiliano Quintero,Mazatlán,Club Tijuana,2,2,8,1,9,1,3,4,
1375891,2025-08-10 03:05:00+00:00,Daniel Quintero,Atlas,CF Pachuca,0,3,6,4,10,2,4,6,
1375892,2025-08-11 00:00:00+00:00,Guillermo Pacheco,U.N.A.M. - Pumas,Necaxa,1,1,7,4,11,3,2,5,
1375893,2025-08-10 23:05:00+00:00,Ismael López,Santos Laguna,Guadalajara Chivas,1,0,2,11,13,5,2,7,
1375894,2025-08-12 01:00:00+00:00,Luis Santander,León,Monterrey,1,3,7,6,13,2,2,4,
1375895,2025-08-12 03:00:00+00:00,Katia García,FC Juarez,Toluca,0,2,9,2,11,4,3,7,
1375896,2025-08-12 03:05:00+00:00,Vicente Arce,Atletico San Luis,Cruz Azul,1,2,3,2,5,2,5,7,
1375897,2025-08-16 01:00:00+00:00,Luis García,Puebla,Atletico San Luis,0,2,8,6,14,2,2,4,
1375898,2025-08-16 03:05:00+00:00,Oscar Mejía,Necaxa,León,0,1,6,5,11,4,3,7,
1375899,2025-08-16 23:05:00+00:00,Marco Ortíz,Guadalajara Chivas,FC Juarez,1,2,6,1,7,2,3,5,
1375900,2025-08-17 01:00:00+00:00,Fernando Hernández,Cruz Azul,Santos Laguna,3,2,12,4,16,1,1,2,
1375901,2025-08-17 01:00:00+00:00,César Ramos,Tigres UANL,Club America,1,3,7,4,11,4,4,8,
1375902,2025-08-17 01:00:00+00:00,Salvador Pérez Villalobos,CF Pachuca,Club Tijuana,0,2,11,1,12,4,6,10,
1375903,2025-08-17 03:10:00+00:00,Victor Cáceres,Toluca,U.N.A.M. - Pumas,1,1,5,1,6,2,5,7,
1375904,2025-08-17 22:00:00+00:00,Abraham Quirarte,Club Queretaro,Atlas,3,3,1,3,4,6,1,7,
1375905,2025-08-18 00:00:00+00:00,Martin Molina,Monterrey,Mazatlán,3,2,4,4,8,4,1,5,
1375906,2025-08-23 01:00:00+00:00,Jorge Camacho,FC Juarez,Santos Laguna,2,1,6,4,10,4,1,5,
1375907,2025-08-23 01:00:00+00:00,Oscar Mejía,Club Queretaro,Atletico San Luis,3,2,3,6,9,4,3,7,
1375908,2025-08-23 03:00:00+00:00,Katia García,Club Tijuana,Guadalajara Chivas,3,3,2,9,11,4,3,7,
1375909,2025-08-23 23:00:00+00:00,Jesus López,León,CF Pachuca,1,1,2,5,7,6,1,7,
1375910,2025-08-24 01:00:00+00:00,Yonatan Peinado,Monterrey,Necaxa,3,0,3,3,6,1,4,5,
1375911,2025-08-24 01:00:00+00:00,Joaquin Vizcarra,Mazatlán,Tigres UANL,2,2,2,15,17,4,3,7,
1375912,2025-08-24 03:05:00+00:00,César Ramos,Cruz Azul,Toluca,1,0,7,4,11,3,3,6,
1375913,2025-08-24 23:00:00+00:00,Ivan López,U.N.A.M. - Pumas,Puebla,0,0,4,4,8,2,3,5,
1375914,2025-08-25 01:05:00+00:00,Marco Ortíz,Atlas,Club America,2,4,3,3,6,4,4,8,
1375915,2025-08-30 01:00:00+00:00,Luis Santander,FC Juarez,Mazatlán,1,0,4,2,6,3,4,7,
1375916,2025-08-30 01:00:00+00:00,Jorge Camacho,Atletico San Luis,Toluca,1,3,1,8,9,5,2,7,
1375917,2025-08-30 03:05:00+00:00,Jesus López,Puebla,Monterrey,2,4,1,7,8,2,3,5,
1375918,2025-08-30 23:00:00+00:00,Yonatan Peinado,León,Club Queretaro,3,0,4,7,11,3,5,8,
1375919,2025-08-31 01:00:00+00:00,Marco Ortíz,Santos Laguna,Tigres UANL,0,1,3,5,8,4,4,8,
1375920,2025-08-31 01:05:00+00:00,Victor Cáceres,Guadalajara Chivas,Cruz Azul,1,2,7,1,8,5,1,6,
1375921,2025-08-31 03:05:00+00:00,Ismael López,Club America,CF Pachuca,2,0,8,2,10,1,2,3,
1375922,2025-08-31 22:00:00+00:00,Martin Molina,U.N.A.M. - Pumas,Atlas,1,0,8,1,9,2,5,7,
1375923,2025-09-01 03:00:00+00:00,César Ramos,Club Tijuana,Necaxa,3,0,4,3,7,1,5,6,
1375924,2025-09-13 01:00:00+00:00,Maximiliano Quintero,Necaxa,FC Juarez,1,1,4,2,6,3,2,5,
1375925,2025-09-13 03:00:00+00:00,Adonai Escobedo,Mazatlán,U.N.A.M. - Pumas,1,4,6,1,7,2,5,7,
1375926,2025-09-13 23:00:00+00:00,Joaquin Vizcarra,CF Pachuca,Cruz Azul,0,1,4,5,9,5,2,7,
1375927,2025-09-14 01:00:00+00:00,Daniel Quintero,Tigres UANL,León,0,0,6,2,8,1,4,5,
1375928,2025-09-14 01:00:00+00:00,Guillermo Pacheco,Atlas,Santos Laguna,2,2,4,11,15,5,5,10,
1375929,2025-09-14 03:00:00+00:00,Karen Hernández,Toluca,Puebla,3,1,5,5,10,0,1,1,
1375930,2025-09-14 03:15:00+00:00,Oscar Mejía,Club America,Guadalajara Chivas,1,2,8,4,12,3,2,5,
1375931,2025-09-14 23:00:00+00:00,Katia García,Club Queretaro,Monterrey,0,1,2,4,6,3,4,7,
1375932,2025-09-15 01:00:00+00:00,Mario Terrazas,Atletico San Luis,Club Tijuana,1,1,3,5,8,2,1,3,
1375933,2025-09-18 01:05:00+00:00,César Ramos,Guadalajara Chivas,Tigres UANL,0,0,2,9,11,2,3,5,
1375934,2025-09-20 01:00:00+00:00,Jorge Camacho,Necaxa,Puebla,1,0,2,8,10,1,1,2,
1375935,2025-09-20 01:00:00+00:00,Ismael López,Cruz Azul,FC Juarez,3,2,7,4,11,1,2,3,
1375936,2025-09-20 03:00:00+00:00,Luis García,Mazatlán,Atlas,1,1,2,3,5,2,4,6,
1375937,2025-09-20 03:00:00+00:00,Vicente Arce,Club Tijuana,León,5,0,4,3,7,0,2,2,
1375938,2025-09-20 23:00:00+00:00,Fernando Hernández,CF Pachuca,Club Queretaro,0,2,11,3,14,4,3,7,
1375939,2025-09-21 01:00:00+00:00,Oscar Mejía,U.N.A.M. - Pumas,Tigres UANL,1,1,6,2,8,4,2,6,
1375940,2025-09-21 01:07:00+00:00,Marco Ortíz,Guadalajara Chivas,Toluca,0,3,7,6,13,3,4,7,
1375941,2025-09-21 03:05:00+00:00,Victor Cáceres,Monterrey,Club America,2,2,2,16,18,0,1,1,
1375942,2025-09-21 23:00:00+00:00,Abraham Quirarte,Santos Laguna,Atletico San Luis,1,4,6,3,9,1,1,2,
1375943,2025-09-24 01:00:00+00:00,Yonatan Peinado,Puebla,CF Pachuca,2,2,2,4,6,4,2,6,
1375944,2025-09-24 01:07:00+00:00,Maximiliano Quintero,Guadalajara Chivas,Necaxa,3,1,4,7,11,2,1,3,
1375945,2025-09-24 03:00:00+00:00,Salvador Pérez Villalobos,FC Juarez,U.N.A.M. - Pumas,3,1,5,2,7,1,4,5,
1375946,2025-09-24 03:05:00+00:00,Martin Molina,León,Mazatlán,2,2,5,5,10,1,5,6,
1375947,2025-09-25 00:00:00+00:00,Karen Hernández,Cruz Azul,Club Queretaro,2,2,13,3,16,4,4,8,
1375948,2025-09-25 01:00:00+00:00,Vicente Arce,Tigres UANL,Atlas,2,0,7,6,13,2,1,3,
1375949,2025-09-25 02:00:00+00:00,César Ramos,Toluca,Monterrey,6,2,6,2,8,1,1,2,
1375950,2025-09-25 03:00:00+00:00,Ivan López,Santos Laguna,Club Tijuana,1,0,5,6,11,6,4,10,
1375951,2025-09-25 03:00:00+00:00,Fernando Hernández,Atletico San Luis,Club America,0,1,2,6,8,1,3,4,
1375952,2025-09-27 01:00:00+00:00,Mario Terrazas,FC Juarez,León,2,0,3,6,9,2,3,5,
1375953,2025-09-27 23:00:00+00:00,Victor Cáceres,Atlas,Necaxa,3,2,5,4,9,4,6,10,
1375954,2025-09-27 23:00:00+00:00,Marco Ortíz,CF Pachuca,Atletico San Luis,2,1,1,4,5,3,2,5,
1375955,2025-09-27 23:00:00+00:00,Ismael López,Puebla,Guadalajara Chivas,0,2,5,6,11,3,2,5,
1375956,2025-09-28 01:00:00+00:00,Abraham Quirarte,Toluca,Mazatlán,3,1,5,2,7,2,2,4,
1375957,2025-09-28 01:00:00+00:00,Luis Santander,Monterrey,Santos Laguna,1,0,5,2,7,2,5,7,
1375958,2025-09-28 03:05:00+00:00,César Ramos,Club America,U.N.A.M. - Pumas,4,1,8,4,12,2,4,6,
1375959,2025-09-28 23:00:00+00:00,Guillermo Pacheco,Club Queretaro,Tigres UANL,0,2,2,10,12,2,1,3,
1375960,2025-09-29 03:05:00+00:00,Jorge Camacho,Club Tijuana,Cruz Azul,2,0,1,2,3,3,2,5,
1375961,2025-10-04 01:00:00+00:00,Guillermo Pacheco,Necaxa,CF Pachuca,0,1,8,4,12,4,3,7,
1375962,2025-10-04 03:00:00+00:00,Ivan López,Mazatlán,Atletico San Luis,2,1,2,6,8,6,3,9,
1375963,2025-10-04 03:05:00+00:00,Yonatan Peinado,Atlas,FC Juarez,3,1,2,10,12,4,3,7,
1375964,2025-10-04 23:00:00+00:00,Vicente Arce,Club Queretaro,Puebla,3,1,3,6,9,1,2,3,
1375965,2025-10-05 01:00:00+00:00,Ismael López,Tigres UANL,Cruz Azul,1,1,3,3,6,4,2,6,
1375966,2025-10-05 01:00:00+00:00,Jesus López,León,Toluca,2,4,5,2,7,2,2,4,
1375967,2025-10-05 03:05:00+00:00,Maximiliano Quintero,Club America,Santos Laguna,3,0,11,3,14,1,2,3,
1375968,2025-10-06 01:35:00+00:00,Daniel Quintero,U.N.A.M. - Pumas,Guadalajara Chivas,1,2,6,3,9,0,2,2,
1375969,2025-10-06 03:05:00+00:00,Adonai Escobedo,Club Tijuana,Monterrey,2,2,3,4,7,2,2,4,
1375970,2025-10-18 01:00:00+00:00,Marco Ortíz,Puebla,Club Tijuana,4,3,4,3,7,1,2,3,
1375971,2025-10-18 03:00:00+00:00,Adonai Escobedo,Tigres UANL,Necaxa,5,3,6,4,10,2,5,7,
1375972,2025-10-18 03:00:00+00:00,Joaquin Vizcarra,Atletico San Luis,Atlas,2,0,8,2,10,0,0,0,
1375973,2025-10-18 23:00:00+00:00,Luis Santander,Toluca,Club Queretaro,4,0,3,6,9,1,0,1,
1375974,2025-10-18 23:00:00+00:00,Daniel Quintero,Santos Laguna,León,2,0,4,11,15,3,3,6,
1375975,2025-10-18 23:00:00+00:00,César Ramos,FC Juarez,CF Pachuca,2,2,4,5,9,4,7,11,
1375976,2025-10-19 01:00:00+00:00,Victor Cáceres,Monterrey,U.N.A.M. - Pumas,1,1,3,8,11,0,1,1,
1375977,2025-10-19 01:07:00+00:00,Fernando Hernández,Guadalajara Chivas,Mazatlán,2,0,5,2,7,1,1,2,
1375978,2025-10-19 03:05:00+00:00,Jesus López,Cruz Azul,Club America,2,1,0,3,3,2,1,3,
1375979,2025-10-22 01:00:00+00:00,Vicente Arce,Necaxa,Cruz Azul,1,1,2,3,5,0,3,3,
1375980,2025-10-22 01:00:00+00:00,Martin Molina,Club America,Puebla,2,1,10,3,13,1,5,6,
1375981,2025-10-22 03:00:00+00:00,Karen Hernández,Mazatlán,Santos Laguna,2,2,11,4,15,2,2,4,
1375982,2025-10-22 03:05:00+00:00,Ivan López,Monterrey,FC Juarez,4,2,5,3,8,1,0,1,
1375983,2025-10-23 01:00:00+00:00,Maximiliano Quintero,Club Queretaro,Guadalajara Chivas,1,0,0,11,11,2,3,5,
1375984,2025-10-23 01:00:00+00:00,Abraham Quirarte,CF Pachuca,Tigres UANL,1,2,9,3,12,2,1,3,
1375985,2025-10-23 03:00:00+00:00,Oscar Mejía,Club Tijuana,Toluca,0,0,3,5,8,2,1,3,
1375986,2025-10-23 03:00:00+00:00,Ismael López,Atlas,León,2,0,3,6,9,2,4,6,
1375987,2025-10-23 03:05:00+00:00,Luis García,U.N.A.M. - Pumas,Atletico San Luis,0,1,1,6,7,2,3,5,
1375988,2025-10-25 01:00:00+00:00,Fernando Hernández,FC Juarez,Puebla,4,4,4,10,14,2,2,4,
1375989,2025-10-25 03:00:00+00:00,Guillermo Pacheco,Mazatlán,Club America,2,2,2,4,6,3,1,4,
1375990,2025-10-25 23:00:00+00:00,Jorge Camacho,Tigres UANL,Club Tijuana,2,0,3,3,6,0,1,1,
1375991,2025-10-26 01:00:00+00:00,Adonai Escobedo,León,U.N.A.M. - Pumas,1,1,6,5,11,1,2,3,
1375992,2025-10-26 01:07:00+00:00,Marco Ortíz,Guadalajara Chivas,Atlas,4,1,5,4,9,0,2,2,
1375993,2025-10-26 03:05:00+00:00,Daniel Quintero,Cruz Azul,Monterrey,2,0,4,3,7,4,2,6,
1375994,2025-10-26 23:00:00+00:00,Katia García,Santos Laguna,Club Queretaro,3,1,2,1,3,2,4,6,
1375995,2025-10-27 01:00:00+00:00,Luis Santander,Atletico San Luis,Necaxa,3,4,4,3,7,2,2,4,
1375996,2025-10-27 01:00:00+00:00,Jesus López,Toluca,CF Pachuca,2,2,6,3,9,3,5,8,
1375997,2025-11-01 01:00:00+00:00,Jesus López,Necaxa,Santos Laguna,4,1,11,7,18,2,3,5,
1375998,2025-11-01 03:00:00+00:00,Daniel Quintero,Atletico San Luis,FC Juarez,1,2,6,6,12,3,1,4,
1375999,2025-11-01 03:05:00+00:00,Guillermo Pacheco,Puebla,Cruz Azul,0,3,4,7,11,2,0,2,
1376000,2025-11-01 23:00:00+00:00,Fernando Hernández,Atlas,Toluca,0,0,6,8,14,2,2,4,
1376001,2025-11-02 01:00:00+00:00,César Ramos,Monterrey,Tigres UANL,1,1,3,2,5,2,6,8,
1376002,2025-11-02 03:10:00+00:00,Victor Cáceres,Club America,León,2,0,8,2,10,1,2,3,
1376003,2025-11-02 18:00:00+00:00,Maximiliano Quintero,U.N.A.M. - Pumas,Club Tijuana,4,1,3,4,7,2,1,3,
1376004,2025-11-02 23:00:00+00:00,Yonatan Peinado,Club Queretaro,Mazatlán,1,0,5,4,9,3,3,6,
1376005,2025-11-03 01:00:00+00:00,Adonai Escobedo,CF Pachuca,Guadalajara Chivas,0,1,1,2,3,2,2,4,
1376006,2025-11-08 01:00:00+00:00,Vicente Arce,FC Juarez,Club Queretaro,1,2,6,3,9,2,2,4,
1376007,2025-11-08 03:00:00+00:00,Katia García,Mazatlán,Necaxa,1,1,4,14,18,6,3,9,
1376008,2025-11-08 03:00:00+00:00,Ismael López,Club Tijuana,Atlas,2,0,7,0,7,5,3,8,
1376009,2025-11-08 23:00:00+00:00,Ivan López,Tigres UANL,Atletico San Luis,3,1,5,1,6,1,4,5,
1376010,2025-11-08 23:07:00+00:00,Oscar Mejía,Guadalajara Chivas,Monterrey,4,2,6,0,6,4,1,5,
1376011,2025-11-09 01:00:00+00:00,Luis Santander,Toluca,Club America,2,0,4,6,10,1,2,3,
1376012,2025-11-09 01:00:00+00:00,Karen Hernández,León,Puebla,1,2,6,7,13,1,4,5,
1376013,2025-11-09 03:05:00+00:00,Fernando Hernández,Cruz Azul,U.N.A.M. - Pumas,2,3,3,7,10,4,4,8,
1376014,2025-11-09 23:00:00+00:00,Marco Ortíz,Santos Laguna,CF Pachuca,1,0,6,8,14,3,1,4,
1376015,2025-11-21 01:00:00+00:00,Luis Santander,CF Pachuca,U.N.A.M. - Pumas,3,1,4,7,11,0,2,2,
1376016,2025-11-21 03:00:00+00:00,Marco Ortíz,Club Tijuana,FC Juarez,3,1,4,2,6,2,7,9,
1376017,2025-11-24 01:00:00+00:00,Oscar Mejía,FC Juarez,CF Pachuca,2,1,0,2,2,4,3,7,
1376018,2025-11-27 01:00:00+00:00,Maximiliano Quintero,FC Juarez,Toluca,1,2,4,9,13,4,1,5,
1376019,2025-11-27 03:05:00+00:00,Jesus López,Monterrey,Club America,2,0,3,4,7,4,4,8,
1376020,2025-11-28 05:00:00+00:00,Vicente Arce,Club Tijuana,Tigres UANL,3,0,3,7,10,1,2,3,
1376021,2025-11-28 02:07:00+00:00,Guillermo Pacheco,Guadalajara Chivas,Cruz Azul,0,0,5,3,8,2,2,4,
1376022,2025-11-29 23:00:00+00:00,César Ramos,Club America,Monterrey,2,1,3,2,5,3,6,9,
1376023,2025-11-30 01:05:00+00:00,Katia García,Toluca,FC Juarez,0,0,7,2,9,1,3,4,
1376024,2025-11-30 03:10:00+00:00,Marco Ortíz,Tigres UANL,Club Tijuana,5,0,8,2,10,4,7,11,
1376025,2025-12-01 01:00:00+00:00,Daniel Quintero,Cruz Azul,Guadalajara Chivas,3,2,5,6,11,4,1,5,
1376026,2025-12-04 01:00:00+00:00,Ismael López,Cruz Azul,Tigres UANL,1,1,6,1,7,3,3,6,
1376027,2025-12-04 03:10:00+00:00,Daniel Quintero,Monterrey,Toluca,1,0,3,7,10,1,3,4,
1376028,2025-12-07 01:00:00+00:00,Luis Santander,Toluca,Monterrey,3,2,4,2,6,1,0,1,
1376029,2025-12-07 03:10:00+00:00,Victor Cáceres,Tigres UANL,Cruz Azul,1,1,7,6,13,0,1,1,
1376030,2025-12-12 02:00:00+00:00,Marco Ortíz,Tigres UANL,Toluca,1,0,8,0,8,2,3,5,
1376031,2025-12-15 01:00:00+00:00,Marco Ortíz,Toluca,Tigres UANL,2,1,11,5,16,5,4,9,
1376032,2026-01-10 01:00:00+00:00,Ivan López,Mazatlán,FC Juarez,1,2,2,5,7,1,0,1,
1376033,2026-01-10 03:00:00+00:00,Ismael López,Club Tijuana,Club America,0,0,1,3,4,0,2,2,
1376034,2026-01-10 03:00:00+00:00,César Ramos,Atlas,Puebla,1,0,2,4,6,3,2,5,
1376035,2026-01-10 23:07:00+00:00,Marco Ortíz,Guadalajara Chivas,CF Pachuca,2,0,5,2,7,0,2,2,
1376036,2026-01-11 01:00:00+00:00,Luis García,Santos Laguna,Necaxa,1,3,7,3,10,3,1,4,
1376037,2026-01-11 01:00:00+00:00,Victor Cáceres,León,Cruz Azul,2,1,3,6,9,3,1,4,
1376038,2026-01-11 03:05:00+00:00,Luis Santander,Monterrey,Toluca,0,1,2,4,6,0,5,5,
1376039,2026-01-11 18:00:00+00:00,Maximiliano Quintero,U.N.A.M. - Pumas,Club Queretaro,1,1,7,4,11,1,0,1,
1376040,2026-01-12 01:00:00+00:00,Daniel Quintero,Atletico San Luis,Tigres UANL,1,2,5,3,8,1,2,3,
1376041,2026-01-13 23:00:00+00:00,Joaquin Vizcarra,Puebla,Mazatlán,2,1,8,6,14,4,1,5,
1376042,2026-01-14 01:00:00+00:00,Fernando Hernández,Necaxa,Monterrey,0,2,10,4,14,0,0,0,
1376043,2026-01-14 01:06:00+00:00,Guillermo Pacheco,CF Pachuca,León,2,1,4,6,10,1,0,1,
1376044,2026-01-14 03:10:00+00:00,Adonai Escobedo,FC Juarez,Guadalajara Chivas,0,1,1,4,5,2,2,4,
1376045,2026-01-14 23:00:00+00:00,Yonatan Peinado,Cruz Azul,Atlas,2,0,6,3,9,2,3,5,
1376046,2026-01-15 01:00:00+00:00,Karen Hernández,Club Queretaro,Club Tijuana,1,2,6,6,12,3,2,5,
1376047,2026-01-15 01:05:00+00:00,Vicente Arce,Club America,Atletico San Luis,0,2,1,8,9,2,0,2,
1376048,2026-01-15 03:06:00+00:00,Jesus López,Tigres UANL,U.N.A.M. - Pumas,0,1,18,2,20,3,7,10,